Products,Product groups
BAG FOR LIFE,Accessories / Reusable Bags
ACNECIDE FACE 5%,Acne Treatment ¥ Benzoyl Peroxide
ALLERGY RELIEVER,Allergy Medication
Antihistamine Tablets 4mg 28s,Allergy Relief
AVOMINE 25MG TAB,Allergy Relief
BENADRYL ALLERGY one/a/day tablets 10mg  30,Allergy Relief
Benadryl Relief Plus 12s,Allergy Relief
CETIRIZINE 10MG,Allergy Relief
Cetirizine 10mg 30 Tablets,Allergy Relief
CETIRIZINE 10MG 30TAB,Allergy Relief
CHLORPHENAMINE,Allergy Relief
CLARITYN allergy tablets 10mg  30,Allergy Relief
CLARITYN allergy tablets 10mg  60,Allergy Relief
CLARITYN kids allergy syrup berry 5mg/5ml 60ml,Allergy Relief
CLARITYN tablets 10mg  10,Allergy Relief
CLARITYN tablets 10mg  20,Allergy Relief
LORATADINE 10MG,Allergy Relief
Loratadine 5mg/5ml Syrup,Allergy Relief
NUMARK OTC medicines allergy relief non/drowsy tablets 10mg  60,Allergy Relief
Piriteze Allergy Syrup 70ml,Allergy Relief
Piriton Allergy Tabs 30 Tabs,Allergy Relief
Piriton Allergy Tabs 4mg 60 Allergy Tablets  4mg,Allergy Relief
Hayfever relief wipes,Allergy Relief 
CHILDRENS ALLERGY RELIEF,Allergy Relief ¥ Children†s
Piriton Syrup 2mg/5ml 150ml,Allergy Relief ¥ Children†s
GALPHARM treathay tablets f/c 120mg  10,Allergy Relief ¥ Fexofenadine
GALPHARM treathay tablets f/c 120mg  30,Allergy Relief ¥ Fexofenadine
Phenergan Elixir 100ml,Allergy Relief ¥ Sedating
ALMUS CLOTRIMAZOLE 1% 20G,Antifungal ¥ Clotrimazole
CANESTEN 2% CREAM,Antifungal ¥ Clotrimazole
CANESTEN 2% CREAM 20g,Antifungal ¥ Clotrimazole
CANESTEN CREAM 2%,Antifungal ¥ Clotrimazole
Canesten Crm 1% 20g,Antifungal ¥ Clotrimazole
Clotrimazole 1% Cream,Antifungal ¥ Clotrimazole
CLOTRIMAZOLE CREAM,Antifungal ¥ Clotrimazole
Daktacort Hc Cream 15g,Antifungal ¥ Hydrocortisone Combination
Daktarin Aktiv Cream,Antifungal ¥ Miconazole
Daktarin Cream,Antifungal ¥ Miconazole
Daktarin Crm 2% 15g,Antifungal ¥ Miconazole
Daktarin Crm Dual Act 2% 15g Cream  2%,Antifungal ¥ Miconazole
Daktarin Intensive Cream 15g,Antifungal ¥ Miconazole
LAMISIL 1% CREAM,Antifungal ¥ Terbinafine
LAMISIL 1% ONCE,Antifungal ¥ Terbinafine
LAMISIL 1% SPRAY,Antifungal ¥ Terbinafine
Canesten 500mg Pessary,Antifungal ¥ Thrush Treatment
Canesten Cream/pessary Combi,Antifungal ¥ Thrush Treatment
Canesten Internal Cream,Antifungal ¥ Thrush Treatment
CANESTEN oral & cream duo 150mg/2% 1/10g,Antifungal ¥ Thrush Treatment
CANESTEN ORAL capsule 150mg  1,Antifungal ¥ Thrush Treatment
Canesten Soft Gel Pessary,Antifungal ¥ Thrush Treatment
CANESTEN THRUSH2%,Antifungal ¥ Thrush Treatment
CANESTEN vaginal tablets 200mg  3,Antifungal ¥ Thrush Treatment
Fluconazole 150mg Capsule,Antifungal ¥ Thrush Treatment
Antiseptic Spray 100ml,Antiseptics
Dettol Antiseptic  Lqd 500ml,Antiseptics
Dettol Antiseptic Lqd 750ml,Antiseptics
GERMOLENE ANTISEPT CREAM 30g,Antiseptics
Safe+sound Antiseptic Wips X10,Antiseptics
SAVLON 15G,Antiseptics
Savlon A/sept Crm 100g Antiseptic Cream,Antiseptics
Savlon Antisept Crm 30g,Antiseptics
SAVLON ANTISEPTIC CREAM 60G,Antiseptics
Sudocrem Antisept Cream 250g,Antiseptics
SUDOCREM ANTISEPT CRM 125G antiseptic cream,Antiseptics
T.c.p. Lqd 100ml,Antiseptics
ASPIRIN 300MG TABLETS,Aspirin
ASPIRIN 75MG,Aspirin
ASPIRIN 75MG GR,Aspirin
Aspirin Disp Tabs 300mg 32s,Aspirin
Aspirin Disp Tabs 75mg,Aspirin
Disp Asprin 75mg 100s,Aspirin
DISPERSIBLE ASPIRIN 75mg 100 TABS,Aspirin
Disprin Tabs 32 Tablets  300mg,Aspirin
APTAMIL milk powder anti reflux infant 800g,Baby & Infant Feeding
APTAMIL milk powder comfort infant 800g,Baby & Infant Feeding
APTAMIL milk powder growing up 1 year+ 800g,Baby & Infant Feeding
Cow/gate Instant Carobel 135g Instant Carobel,Baby & Infant Feeding ¥ Thickener
CHILDS FARM baby care wash 250ml ,Baby Care ¥ Bath & Wash
INFACARE BABYBATH,Baby Care ¥ Bath & Wash
OILATUM JUNIOR emollient bath additive 63.4% 600ml,Baby Care ¥ Bath & Wash
Dentinox Colic Drps +syr 100ml With Syringe  21mg/2.5ml,Baby Care ¥ Colic Relief
Infacol 85ml,Baby Care ¥ Colic Relief
Infacol Drops 50ml,Baby Care ¥ Colic Relief
Woodwards Gripe Water 150ml,Baby Care ¥ Colic Relief
Johnsons Baby Oil 200ml,Baby Care ¥ Moisturiser
JOHNSONS BABY OIL 500ML,Baby Care ¥ Moisturiser
BEPANTHEN NAPPY OINT 100g,Baby Care ¥ Nappy Cream
SUDOCREM,Baby Care ¥ Nappy Cream
SUDOCREM 60G,Baby Care ¥ Nappy Cream
MILTON STERILISING TABLETS,Baby Care ¥ Sterilising
Pampers Sensitive Baby Wipes 52s,Baby Care ¥ Wipes
WATER WIPES,Baby Care ¥ Wipes
PAMPERS baby wipes fresh clean  52,BabyCare  ¥ Wipes
MERIDIANA bath mats white 69cm X 38cm,Bath Additives
SPA BODY SCRUB 200ML,Bath Additives ¥ Exfoliating
MAKE A SPLASH BATH BOMB,Bath Additives ¥ Fragrance
RADOX BATH FEEL RELAXED,Bath Additives ¥ Fragrance
DR TEALS PURE EPSOM SALT,Bath Additives ¥ Muscle Relief
Epsom Salt Bath,Bath Additives ¥ Muscle Relief
DURACELL PLUS 9V,Batteries
Anbesol Liquid 15ml,Bite & Sting Relief
Anbesol Teething Gel 10g,Bite & Sting Relief
Anhydrol Forte Roll on,Bite & Sting Relief
ANTHISAN BITE & STING cream 2% 20g,Bite & Sting Relief
ANTHISAN cream 2% 25g,Bite & Sting Relief
SAVLON bites & stings gel 0.5%/2%/1% 20g,Bite & Sting Relief
SKINCALM 1% BITE AND STING CREAM HYDROCORTISONE,Bite & Sting Relief
A.VOGEL coughs colds &amp; flu tablets echinacea forte  40,Cold & Flu Relief
Beechams AlL/IN/One 160ml,Cold & Flu Relief
BEECHAMS ALL/IN/ONE max capsules 100mg/500mg/6.1mg  16,Cold & Flu Relief
BEECHAMS oral powder sachets 600mg/50mg  10,Cold & Flu Relief
Benylin Day & Night Cold Treatment Tablets 25mg /500mg /500mg /60mg  16,Cold & Flu Relief
Benylin Mucus Cof + Decongest 100ml Mucus Cough + Decongestant,Cold & Flu Relief
Benylin Mucus Cough And Cold Tabs 16,Cold & Flu Relief
Care Decongestant Tabs,Cold & Flu Relief
COOL CAPS,Cold & Flu Relief
DAY NURSE tablets f/c 500mg/30mg  18,Cold & Flu Relief
Lempsip Max Sach Lemon 10s,Cold & Flu Relief
Lemsip Max AlL/IN/One Sach Lemon 8 Sachets,Cold & Flu Relief
Lemsip Max C/fl Dy/nght 16 Capsules,Cold & Flu Relief
LEMSIP MAX COLD/FLU CAPS 16s,Cold & Flu Relief
Lemsip Max Cold/flu Sach 10 Blackcurrant,Cold & Flu Relief
Lemsip Max Cold/flu Sach 5 Blackcurrant,Cold & Flu Relief
Menthol bp,Cold & Flu Relief
Nurofen Cold&flurelief 16s,Cold & Flu Relief
NUROFEN DAY & NIGHT COLD & FLU tablets 200mg/5mg  16,Cold & Flu Relief
Night Nurse 160ml,Cold & Flu Relief ¥ Night
Night Nurse Capsules 10,Cold & Flu Relief ¥ Night
Sinutab Tablets 15s,Cold & Flu Relief ¥ Sinus
CYMEX cream 0.5% w/w/0.1% w/w/9%/1% 5g,Cold Sore Treatment
ZOVIRAX COLD SORE CREAM,Cold Sore Treatment
Zovirax Cold Sore Crm Pmp 2g,Cold Sore Treatment
Extra Chewing Gum Spearmint,Confectionery ¥ Gum
WRIGLEYS EXTRA COOL BREEZE,Confectionery ¥ Gum
WRIGLEYS EXTRA WHITE CHEWING GUM,Confectionery ¥ Gum
SULA LIQUORICE DROPS SF,Confectionery ¥ Sugar-Free
Sula Pear Drops,Confectionery ¥ Sugar-Free
DUREX contraceptive sheaths thin feel  12,Contraception ¥ Condoms
DUREX lubricant play 2in1 massage sensual 200ml,Contraception ¥ Condoms
ALMUS vapour rub 50g,Cough & Cold Relief
SNUFFLE BABE VAPOUR RUB,Cough & Cold Relief ¥ Baby
SNUFFLEBABE nasal drops 10ml,Cough & Cold Relief ¥ Baby
SNUFFLEBABE saline spray 15ml,Cough & Cold Relief ¥ Baby
Olbas Inhaler 695mg,Cough & Cold Relief ¥ Inhaler
VICKS inhaler 0.5ml,Cough & Cold Relief ¥ Inhaler
Vicks First Def Nasal Spry 15ml,Cough & Cold Relief ¥ Nasal Spray
Vicks Sinex Micromist 15ml,Cough & Cold Relief ¥ Nasal Spray
Vicks Sinex Soother Nasal Spry,Cough & Cold Relief ¥ Nasal Spray
OLBAS oil 30ml,Cough & Cold Relief ¥ Vapour Oil
OLBAS oil for children 12ml,Cough & Cold Relief ¥ Vapour Oil
CALPOL vapour plug refill pads  10,Cough & Cold Relief ¥ Vapour Pads
Vapour Rub 50g,Cough & Cold Relief ¥ Vapour Rub
VICKS vaporub easy applicator 35g,Cough & Cold Relief ¥ Vapour Rub
Vicks Vapour Rub 100g,Cough & Cold Relief ¥ Vapour Rub
JUNIOR BRONCHO 3 YEARS OLD,Cough Relief ¥ Children
Benylin Child Night Cough,Cough Relief ¥ Children†s
BRONCHOSTOP junior syrup 200ml,Cough Relief ¥ Children†s
Calcough Infant Syrup sf,Cough Relief ¥ Children†s
Simple Linctus Paediactric,Cough Relief ¥ Children†s
SIMPLE LINCTUS PAEDIATRIC S/F,Cough Relief ¥ Children†s
Simple Linctus S/f 200ml,Cough Relief ¥ Children†s
ALMUS mucus cough syrup 100mg/5ml 200ml,Cough Relief ¥ Expectorants
BENYLIN CHESTY COUGH ORG 150ml,Cough Relief ¥ Expectorants
Benylin Mucus Relief Ngt 150ml,Cough Relief ¥ Expectorants
Benylin Non Drsy Chesty 300ml,Cough Relief ¥ Expectorants
COVONIA 300ML CHESTY COUGH,Cough Relief ¥ Expectorants
COVONIA CHESTY CGH MIX 150ml,Cough Relief ¥ Expectorants
Covonia Chesty Cgh Sf 150ml,Cough Relief ¥ Expectorants
Covonia Cough Original,Cough Relief ¥ Expectorants
Covonia Dry&tckly Linctus 150ml,Cough Relief ¥ Expectorants
ROBITUSSIN CHESTY CGH 250ml,Cough Relief ¥ Expectorants
ROBITUSSIN CHESTY COUGH 100ml,Cough Relief ¥ Expectorants
Broncho Stop Liq 240ml,Cough Relief ¥ Herbal
Buttercup Bronchostop Syr 200ml,Cough Relief ¥ Herbal
CHLORALIEVE lozenges honey & lemon 0.6mg/1.2mg/2mg  24,Cough Relief ¥ Lozenges
Fishermans Friend,Cough Relief ¥ Lozenges
Fishermans Friend B/curt 25g,Cough Relief ¥ Lozenges
Fishermens Friend Cherry Loz 25g,Cough Relief ¥ Lozenges
Halls Cherry,Cough Relief ¥ Lozenges
Halls Citrus sf,Cough Relief ¥ Lozenges
Halls Original,Cough Relief ¥ Lozenges
Halls Soothers Honey&lemon 10 Honey And Lemon,Cough Relief ¥ Lozenges
Halls Soothers Peach,Cough Relief ¥ Lozenges
Halls Soothers S/Berry,Cough Relief ¥ Lozenges
HERBAL CHESTY COUGH,Cough Relief ¥ Lozenges
JAKEMANS menthol lozenges blackcurrant 73g,Cough Relief ¥ Lozenges
JAKEMANS menthol lozenges cherry 73g,Cough Relief ¥ Lozenges
JAKEMANS menthol lozenges honey & lemon 160g,Cough Relief ¥ Lozenges
JAKEMANS menthol lozenges honey & lemon 73g,Cough Relief ¥ Lozenges
JAKEMANS menthol lozenges menthol & eucalyptus 73g,Cough Relief ¥ Lozenges
JAKEMANS menthol lozenges peppermint 73g,Cough Relief ¥ Lozenges
JAKEMANS menthol lozenges throat & chest 73g,Cough Relief ¥ Lozenges
JAKEMANS menthol sweets throat & chest 41g,Cough Relief ¥ Lozenges
Jakemans Throat/chest Stick,Cough Relief ¥ Lozenges
MAC sore throat lozenges dual action blackcurrant flavour  12,Cough Relief ¥ Lozenges
MAC sore throat lozenges honey & lemon flavour  12,Cough Relief ¥ Lozenges
MENTOS,Cough Relief ¥ Lozenges
MGO MANUKA HONEY DROPS,Cough Relief ¥ Lozenges
Ricola Drops 45g S/f Elderflower Box,Cough Relief ¥ Lozenges
Ricola Drops 45g S/f Lemon Mint Box,Cough Relief ¥ Lozenges
RICOLA lozenges sugar free blackcurrant 45g,Cough Relief ¥ Lozenges
RICOLA lozenges sugar free eucalyptus cherry 70g,Cough Relief ¥ Lozenges
RICOLA lozenges sugar free raspberry mint 45g,Cough Relief ¥ Lozenges
RICOLA soothe & clear honey lemon & echinacea 75g ,Cough Relief ¥ Lozenges
RICOLA soothe & clear original herb 75g ,Cough Relief ¥ Lozenges
STREFEN HONEY & LEMON,Cough Relief ¥ Lozenges
Strefen Honey & Lemon 16 Loz,Cough Relief ¥ Lozenges
Strepsil Sore Throat&cgh 24,Cough Relief ¥ Lozenges
Strepsils Extra Blackc 24s,Cough Relief ¥ Lozenges
Strepsils Extra Triple Action Cherry Lozenges,Cough Relief ¥ Lozenges
Strepsils H/l Double Action,Cough Relief ¥ Lozenges
Strepsils Hny&lmn 16S,Cough Relief ¥ Lozenges
STREPSILS honey & lemon lozenges 0.6mg/1.2mg  36,Cough Relief ¥ Lozenges
Strepsils Orange & Vit C 36 Orange & Vitamin C,Cough Relief ¥ Lozenges
Strepsils Org 16s,Cough Relief ¥ Lozenges
Strepsils S/berry Sf 36s,Cough Relief ¥ Lozenges
VICKS TRIPLE ACTION LOZ,Cough Relief ¥ Lozenges
VICKS vapodrops menthol  10,Cough Relief ¥ Lozenges
Bronchostop Pastilles,Cough Relief ¥ Pastilles
ALMUS simple linctus cough relief oral solution 125mg/5ml 200ml,Cough Relief ¥ Soothing Syrups
ALMUS tickly cough syrup 0.75mg/5ml 200ml,Cough Relief ¥ Soothing Syrups
B/cup Broncho Past 10s,Cough Relief ¥ Soothing Syrups
BENYLIN dry cough & tickly 300ml,Cough Relief ¥ Soothing Syrups
Benylin Dry Cough Night 150ml,Cough Relief ¥ Soothing Syrups
Buttercup Syrup Orginal 150ml,Cough Relief ¥ Soothing Syrups
COVONIA DRY TICKLY SF,Cough Relief ¥ Soothing Syrups
COVONIA medicated lozenges lemon 5mg/1mg  36,Cough Relief ¥ Soothing Syrups
COVONIA oral liquid all/in/one chesty cough cold & flu relief 3.0mg/200mg/1000mg/12.18mg 160ml,Cough Relief ¥ Soothing Syrups
Covonia Original Balsam,Cough Relief ¥ Soothing Syrups
Robitussin Dry Cough,Cough Relief ¥ Soothing Syrups
Covonia Throat Spray 30ml,Cough Relief ¥ Throat Spray
Ultra Ch/septic Hny&lmn 15ml,Cough Relief ¥ Throat Spray
Ultra Chlora Blkcrt Spry 15ml,Cough Relief ¥ Throat Spray
Ultra Chlora Cherry Spy 15ml,Cough Relief ¥ Throat Spray
COVID/19 ANTIGEN,Covid 19 Test
SILEX covid self test  1,COVID-19 Testing
Canesten Oasis For Cystitis Relief Cystitis Relief,Cystitis Relief
Cystitis Sachets X 6 Sachets,Cystitis Relief
Cystopurin Granules 6 X 7g Cranberry  3g,Cystitis Relief
FIXODENT denture adhesive cream complete fresh 70g,Denture Care
Fixodent Foodseal 40g,Denture Care
FIXODENT NEUTRAL,Denture Care
POLI/GRIP denture fixative cream ultra hold & neutral tasting 40g,Denture Care
Seabond Denture Uppers,Denture Care
Steradent Act Fresh 30 Tabs,Denture Care ¥ Cleaning
Steradent Active Plus 30 Tabs,Denture Care ¥ Cleaning
Steradentpro White Pro White,Denture Care ¥ Cleaning
ACCU/CHEK PERFORMA TEST STRIPS,Diabetes Testing Supplies
FREESTYLE LIBRE 2,Diabetes Testing Supplies
Glucorx Nexus Test Strips 50,Diabetes Testing Supplies
A&D blood pressure monitors wrist with AFib screening,Diagnostic Devices
ALVITA diagnostic thermometers flexible digital MT509,Diagnostic Devices
ALVITA diagnostic thermometers infrared non/contact forehead,Diagnostic Devices
ALVITA DIGITAL THERMOMETER,Diagnostic Devices
ARM BLOOD PRESSURE MONITOR,Diagnostic Devices
BRAUN ear thermometers thermoscan 3,Diagnostic Devices
INFARED EAR THERMOMETER,Diagnostic Devices
INFRARED MUTI/FUNCTION EAR THERMOMETER,Diagnostic Devices
KINETIK BLOOD PRESSURE MONITOR,Diagnostic Devices
KINETIK BLOODGLUCOSE MONITOR,Diagnostic Devices
MICROFINE NEEDLES 0.3,Diagnostic Devices
MICROLIFE blood pressure monitor BPB2 basic,Diagnostic Devices
OXYWATCH FINGERTIP OXIMETER,Diagnostic Devices
SAFE & SOUND thermometer rigid digital  ,Diagnostic Devices
SURESIGN,Diagnostic Devices
SURESIGN blood pressure monitor pulse & irregular heartbeat functions LD588,Diagnostic Devices
SURESIGN diabetes screening test urine glucose test  3,Diagnostic Devices
SURESIGN health check/up test  6,Diagnostic Devices
SURESIGN meningitis emergency pack,Diagnostic Devices
SURESIGN ovulation test  5,Diagnostic Devices
Suresign Thermometers 30 Second Digital,Diagnostic Devices
SURESIGN vitamin D deficiency test  1,Diagnostic Devices
PROBE COVERS,Diagnostic Devices ¥ Accessories
RAYOVAC HEARING AID BATTERY SIZE 675,Diagnostic Devices ¥ Hearing
NEWFOUNDLAND HIV self test,Diagnostic Devices ¥ HIV
SURESIGN URINARY TRACT INFECTION TEST STRIPS,Diagnostic Devices ¥ UTI
URINARY TRACT INFECTIONS 1 TEST,Diagnostic Devices ¥ UTI
ESOMEPRAZOLE 20MG 7 CAPS,Digestive Health ¥ Acid Reflux
Glycerin Adult Suppos 12s,Digestive Health ¥ Acid Reflux
GLYCEROL 4G SUPP,Digestive Health ¥ Acid Reflux
GUARDIUM GR TABS 20MG,Digestive Health ¥ Acid Reflux
NEXIUM CONTROL 20MG,Digestive Health ¥ Acid Reflux
PERRIGO heartburn & acid reflux control capsules 20mg  14,Digestive Health ¥ Acid Reflux
PERRIGO heartburn & acid reflux control capsules 20mg  7,Digestive Health ¥ Acid Reflux
PYROCALM CONTROL 20MG 14TAB,Digestive Health ¥ Acid Reflux
PYROCALM CONTROL 20MG 7TAB,Digestive Health ¥ Acid Reflux
FYBOCALM wind & bloating relief capsules 60mg  30,Digestive Health ¥ Bloating Relief
Buscopan Cramps,Digestive Health ¥ Cramp Relief
Pepto Bismol 240ml,Digestive Health ¥ Diarrhoea & Nausea
PeptO/Bismol 120ml,Digestive Health ¥ Diarrhoea & Nausea
Imodium Caps 2mg 6 Tabs,Digestive Health ¥ Diarrhoea Relief
IMODIUM DUAL ACTION 12 TABS,Digestive Health ¥ Diarrhoea Relief
IMODIUM INSTANT MELTS orodispersible tablets 2mg  12,Digestive Health ¥ Diarrhoea Relief
Imodium Instants 12s,Digestive Health ¥ Diarrhoea Relief
Imodium Instants 6,Digestive Health ¥ Diarrhoea Relief
IMODIUM ORIGINAL 2MG 12S,Digestive Health ¥ Diarrhoea Relief
LOPERAMIDE 2MG,Digestive Health ¥ Diarrhoea Relief
LOPERAMIDE ORAL LYOPHILISATE 2X6 TABLETS,Digestive Health ¥ Diarrhoea Relief
Fybogel Hi Fibre Lemon 10 Sac,Digestive Health ¥ Fibre Supplement
Fybogel HI/ Fibre Orange,Digestive Health ¥ Fibre Supplement
Fybogel Sachets Orange,Digestive Health ¥ Fibre Supplement
ISPAGHULA HUSK,Digestive Health ¥ Fibre Supplement
Ispaghula Orange,Digestive Health ¥ Fibre Supplement
YOUR FIBRE,Digestive Health ¥ Fibre Supplement
Charcoal Tablets 50s,Digestive Health ¥ Gas Relief
Rennie Deflatine,Digestive Health ¥ Gas Relief
Rennie Deflatine 18 Tablets,Digestive Health ¥ Gas Relief
WINDEZE 20S GEL,Digestive Health ¥ Gas Relief
Gaviscon 150ml Anis,Digestive Health ¥ Heartburn Relief
Gaviscon Adv Tabs 60 Mint,Digestive Health ¥ Heartburn Relief
GAVISCON ADVANCE 600ML,Digestive Health ¥ Heartburn Relief
GAVISCON ADVANCE liquid aniseed 200mg/1000mg 150ml ,Digestive Health ¥ Heartburn Relief
GAVISCON ADVANCE liquid aniseed 200mg/1000mg 300ml,Digestive Health ¥ Heartburn Relief
GAVISCON ADVANCE liquid peppermint 200mg/1000mg 500ml,Digestive Health ¥ Heartburn Relief
Gaviscon Advance P/Mint Tabs,Digestive Health ¥ Heartburn Relief
GAVISCON ADVANCE PEPPERMINT,Digestive Health ¥ Heartburn Relief
Gaviscon Dble Act Sachets 12,Digestive Health ¥ Heartburn Relief
Gaviscon Dble Action Tablets Mint 24,Digestive Health ¥ Heartburn Relief
Gaviscon Double Act Liq 300ml Peppermint,Digestive Health ¥ Heartburn Relief
GAVISCON DOUBLE ACTION chewable tablets mixed berries 187.5mg/250mg/106.5mg  48,Digestive Health ¥ Heartburn Relief
GAVISCON DOUBLE ACTION liquid aniseed 325mg/500mg/213mg 600ml,Digestive Health ¥ Heartburn Relief
GAVISCON DOUBLE ACTION liquid mixed berries 325mg/500mg/213mg 150ml,Digestive Health ¥ Heartburn Relief
GAVISCON DOUBLE ACTION liquid peppermint 325mg/500mg/213mg 600ml ,Digestive Health ¥ Heartburn Relief
Gaviscon Double Action Tablets,Digestive Health ¥ Heartburn Relief
GAVISCON LIQ ORG ANISEED 150ml,Digestive Health ¥ Heartburn Relief
GAVISCON liquid mint 80mg/5ml/250mg/5ml/133.5mg/5ml 250ml,Digestive Health ¥ Heartburn Relief
Gaviscon Lqd Pepp/mint 150ml,Digestive Health ¥ Heartburn Relief
Gaviscon Peppermint Tabs 48,Digestive Health ¥ Heartburn Relief
Gaviscon Tabs Peppermint 24,Digestive Health ¥ Heartburn Relief
Peptac Liquid,Digestive Health ¥ Heartburn Relief
PEPTAC LIQUID antacid liquid peppermint 80mg/5ml/250mg/5ml/133.5mg/5ml 500ml,Digestive Health ¥ Heartburn Relief
Rennie Heartburn Rel Mint 150ml,Digestive Health ¥ Heartburn Relief
Rennie Orange Chewable 24,Digestive Health ¥ Heartburn Relief
Rennie Sugar Free Tablets,Digestive Health ¥ Heartburn Relief
Rennie Tabs 24 Peppermint,Digestive Health ¥ Heartburn Relief
Rennie Tabs 24 Spearmint,Digestive Health ¥ Heartburn Relief
Rennie Tabs Peppermint 72s,Digestive Health ¥ Heartburn Relief
BUSCOPAN IBS 20S,Digestive Health ¥ IBS Relief
Buscopan Ibs Relief 40tabs,Digestive Health ¥ IBS Relief
Colofac Ibs 15 Tabs,Digestive Health ¥ IBS Relief
Colpermin Ibs Capsules 20,Digestive Health ¥ IBS Relief
Gaviscon Infant 30 Sachets,Digestive Health ¥ Infant
CALIFIG SYR FIG W/ FIBRE 100ml,Digestive Health ¥ Laxatives
MOVICOL EASE powder for oral solution sachets flavour free 13.125g/46.6mg/178.5mg/350.7mg  20,Digestive Health ¥ Laxatives
MOVICOL PLAIN tubular stick pads powder sachet 13.1250g/0.0502g/0.3508g/0.1786g  30,Digestive Health ¥ Laxatives
Movicol Sachets,Digestive Health ¥ Laxatives
MOVICOL tubular stick pads powder sachets 13.125g/46.6mg/178.5mg/350.7mg  20,Digestive Health ¥ Laxatives
Potassium Citrate Mix(care),Digestive Health ¥ Urinary Alkaliser
Ovex Family Pack 4 Tabs,Digestive Health ¥ Worm Treatment
OVEX SUSPENSION FAMILY PK 30ml,Digestive Health ¥ Worm Treatment
Ovex Tablet Single Tablet,Digestive Health ¥ Worm Treatment
ALVITA silicone ear plugs  3pairs,Ear Care
IHEARU EAR PLUG ONE SIZE,Ear Care  ¥ Plugs
EARCALM,Ear Care ¥ Infection Relief
EAROL ear wax remover almond oil aftercare spray 10ml,Ear Care ¥ Infection Relief
INFECTED EYE OINTMENT,Ear Care ¥ Infection Relief
Synthetic Wax Earplugs,Ear Care ¥ Noise Protection
CL/EAR pain relief  ear drops 0.5% 7g,Ear Care ¥ Pain Relief
EAR PLUGS 2P CHILDREN,Ear Care ¥ Plugs
EAR PLUGS 5P ORIGINAL,Ear Care ¥ Plugs
Quies Earplugs Foam Bright Colours  12,Ear Care ¥ Plugs
Quies Wax Earplugs 8 Pairs,Ear Care ¥ Plugs
OTOVENT GLUE EAR TREATMENT,Ear Care ¥ Pressure Relief
Cerumol 100% Olive Oil Ear Drops,Ear Care ¥ Wax Removal
CLEAREAR olive oil ear drops 10ml,Ear Care ¥ Wax Removal
EAR WAX REMOVAL,Ear Care ¥ Wax Removal
EAROL OLIVE OIL SPRAY 10ml,Ear Care ¥ Wax Removal
Kliar Vax Ear Drops,Ear Care ¥ Wax Removal
KLIARVAX OLIVEOIL DROPS,Ear Care ¥ Wax Removal
LUGGUARDS EARWAX REMOVAL SYRINGE,Ear Care ¥ Wax Removal
Olive Oil,Ear Care ¥ Wax Removal
Otex Ear Drops 5%,Ear Care ¥ Wax Removal
Otex Express Combi Pack,Ear Care ¥ Wax Removal
Otex Olive Oil Ear Drops 10ml Olive Oil Ear Drops,Ear Care ¥ Wax Removal
Sodium Bicarbonate 5% Ear Drops,Ear Care ¥ Wax Removal
ELLAONE tablet 30mg  1,Emergency Contraception
LEVONORGESTREL 1.5MG TAB,Emergency Contraception
Levonorgestrel tablet 1.5mg  1,Emergency Contraception
DEXTRO BLUEBERRY,Energy Supplements ¥ Glucose
Dextro Energy B/currant 47g,Energy Supplements ¥ Glucose
Dextro Energy Classic 47g,Energy Supplements ¥ Glucose
Dextro Energy Org & Vitc 47g,Energy Supplements ¥ Glucose
Dextro Energy Tropical,Energy Supplements ¥ Glucose
Dextro Lemon,Energy Supplements ¥ Glucose
Eplast Tough 12,Eplast Tough 12
ALMUS cold sore cream 5% 2g,Erectile Dysfunction Medication
ALMUS erectile dysfunction relief tablets f/c 50mg  4,Erectile Dysfunction Medication
ALMUS erectile dysfunction relief tablets f/c 50mg  8,Erectile Dysfunction Medication
ALMUS hayfever & allergy relief tablets 10mg  30,Erectile Dysfunction Medication
VIAGRA 2 TABLETS ,Erectile Dysfunction Medication
VIAGRA 4,Erectile Dysfunction Medication
VIAGRA 8 TABLETS ,Erectile Dysfunction Medication
ALVITA eye care contact lens solution 120ml,Eye Care
ALVITA eye care wash & bath 100ml,Eye Care
SIMPLE SOOTHING EYE BALM,Eye Care
OPTREX eye wash multi action 300ml,Eye Care  ¥ Cleansing
OPTREX MULTI EYE WASH SOL 300ml,Eye Care  ¥ Cleansing
Allercrom 2% Sodium Crom Eyedrop,Eye Care / Allergy Relief
ALMUS hayfever eye drops 2% 10ml,Eye Care / Allergy Relief
NUMARK OTC medicines allergy eye drops 10ml,Eye Care ¥ Allergy Relief
OPTASE allergy eye drops 0.5ml 20,Eye Care ¥ Allergy Relief
Optase Tto Lid Wipes,Eye Care ¥ Allergy Relief
OPTICROM ALLERGY 2%,Eye Care ¥ Allergy Relief
OPTICROM HAYFEVER 2%,Eye Care ¥ Allergy Relief
Optrex Allergy Eye Drps 10ml Eye Drops  2%w/v,Eye Care ¥ Allergy Relief
OPTREX eye drops hayfever relief 2% 10ml,Eye Care ¥ Allergy Relief
OPTREX eye drops soothing for itchy eyes 10ml,Eye Care ¥ Allergy Relief
ZASPRAY eye spray p/f for itchy dry red eyes 10ml,Eye Care ¥ Allergy Relief
OPTREX eye wash multi action 100ml,Eye Care ¥ Cleansing
Celluvisc Dry Eye .5% 30x0.4ml Dry Eye Preparation  0.5%,Eye Care ¥ Dry Eye Relief
EVOLVE eyelid wipes p/f 2.25ml 20,Eye Care ¥ Dry Eye Relief
GEL TEARS 0.2%,Eye Care ¥ Dry Eye Relief
HYCOSAN EXTRA 7.5ML,Eye Care ¥ Dry Eye Relief
Hycosan Plus Eye Drops 7.5ml Eye Drops,Eye Care ¥ Dry Eye Relief
Hylo Tear Eye Drops,Eye Care ¥ Dry Eye Relief
Hyloforte Drops 10ml,Eye Care ¥ Dry Eye Relief
MURINE eye drops dry & tired eye drops 0.15% 15ml,Eye Care ¥ Dry Eye Relief
OPTICLEAR LENS WIPES,Eye Care ¥ Dry Eye Relief
Optrex Actimist 2in1 Eye Spray,Eye Care ¥ Dry Eye Relief
OPTREX eye drops dazzling for dull eyes 10ml,Eye Care ¥ Dry Eye Relief
OPTREX eye drops double action rehydrating dry eyes 10ml,Eye Care ¥ Dry Eye Relief
OPTREX eye spray actimist 2in1 itchy watery 10ml,Eye Care ¥ Dry Eye Relief
OPTREX eye spray actimist for tired & strained eyes 10ml,Eye Care ¥ Dry Eye Relief
Optrex Refreshing Eye Drops 10ml,Eye Care ¥ Dry Eye Relief
Systane Eye Drops Ultra 10ml Lubricating Eye Drops,Eye Care ¥ Dry Eye Relief
Thealoz Duo Dry Eye Drps 10ml,Eye Care ¥ Dry Eye Relief
Viscotears Liquid Gel,Eye Care ¥ Dry Eye Relief
Vizulize Dry Eye Drops,Eye Care ¥ Dry Eye Relief
Vizulize Dry Eyes Intensive Drops 10ml,Eye Care ¥ Dry Eye Relief
XAILIN GEL eye gel 0.2%w/w 10g,Eye Care ¥ Dry Eye Relief
Xailin Night Oint 5g,Eye Care ¥ Dry Eye Relief
BLEPHACLEAN EYELID WIPES 20,Eye Care ¥ Eyelid Hygiene
BROLENE eye drops 0.1% w/v 10ml,Eye Care ¥ Infection Treatment
CHLORAMPHENICOL 1% ANTIBIOTIC EYE OINTMENT,Eye Care ¥ Infection Treatment
CHLORAMPHENICOL EYE OINTMENT,Eye Care ¥ Infection Treatment
GOLDEN EYE OINT 1%,Eye Care ¥ Infection Treatment
Optrex Chloramphenicol Oint,Eye Care ¥ Infection Treatment
Optrex Infected Eye Drops,Eye Care ¥ Infection Treatment
OPTREX BLOODSHOT EYE DROPS 10ml,Eye Care ¥ Redness Relief
4 IN 1 FACIAL CLEANSING WIPES,Facial Cleansing Wipes
ALLEVIA 120MG,Fexofenadine
Allevia Fexofenadine,Fexofenadine
ALLEVIA HIVES tablets 180mg  15,Fexofenadine
ADJUSTABLE FINGER SPLINT,First Aid / Splints
Safe & Sound Safety Pins,First Aid ¥ Accessories
CLINIGRIP ELASTICATED TUBULAR BANDAGE B 0.5M,First Aid ¥ Bandages
CLINIGRIP ELASTICATED TUBULAR BANDAGE B 1M,First Aid ¥ Bandages
CREPE BANDAGE,First Aid ¥ Bandages
INSTANT COLD PACK,First Aid ¥ Cooling
KEDLEY HOT & COLD PACK,First Aid ¥ Cooling
KIDS HOT COLD COMPRESS,First Aid ¥ Cooling
KIDS HOT COLD PACK,First Aid ¥ Cooling
Vinyl Gloves,First Aid ¥ Gloves
NUMARK first aid kit 39pcs,First Aid ¥ Kits
THUMB WRAP,First Aid ¥ Support Bandage
Tubigrip 1m Size C,First Aid ¥ Support Bandage
Tubigrip Size B,First Aid ¥ Support Bandage
Tubigrip Size D 1m,First Aid ¥ Support Bandage
Tubigrip Size E 1m,First Aid ¥ Support Bandage
TUBULAR SUPPORT BANDAGE A,First Aid ¥ Support Bandage
TUBULAR SUPPORT BANDAGE B,First Aid ¥ Support Bandage
TUBULAR SUPPORT BANDAGE C,First Aid ¥ Support Bandage
CLINIPORE SURGICAL TAPE,First Aid ¥ Tape
CLINIPORE SURGICAL TAPE 2.5X10M,First Aid ¥ Tape
CLINIPORE TAPE 2.5CMX5M,First Aid ¥ Tape
CLINIPORE TAPE 5X5,First Aid ¥ Tape
CAST & BANDAGE PROTECTOR FULL LEG,First Aid ¥ Waterproof Protection
Aqua Protect 100% Waterproof 20s,First Aid Miscellaneous
SCHOLL skin care foot cream dry skin 75ml,Foot Care
TEATREE & PEPPERMINT FOOT PACK,Foot Care
FLEXITOL for heels 25% urea balm 75g,Foot Care ¥  Heel Balm
COMPEED,Foot Care ¥ Blister Relief
Compeed Blister Mix Pack,Foot Care ¥ Blister Relief
COMPEED blister plasters extreme  5,Foot Care ¥ Blister Relief
COMPEED blister plasters high heel  5,Foot Care ¥ Blister Relief
Compeed For Bunions,Foot Care ¥ Blister Relief
Compeed Medium Blister Plasters,Foot Care ¥ Blister Relief
SCHOLL BLISTER PLASTER ,Foot Care ¥ Blister Relief
CALLUS REMOVAL PADS,Foot Care ¥ Callus Treatment
Carnation Corn Cap Plasters,Foot Care ¥ Corn Treatment
Carnation Fng/toe Bnd 4m,Foot Care ¥ Corn Treatment
Scholl Corn Removal Plasters,Foot Care ¥ Corn Treatment
SCHOLL foot treatment blister plasters large heel  5,Foot Care ¥ Corn Treatment
FLEXITOL for heels 25% urea balm 40g,Foot Care ¥ Heel Balm
SCHOLL CRACKED HEEL REPAIR ,Foot Care ¥ Heel Balm
BEAUTY FORMULAS intensive foot cream  100ml,Foot Care ¥ Moisturiser
Ccs Foot Care Cream,Foot Care ¥ Moisturiser
EUCERIN urea repair plus dry skin foot cream 100ml,Foot Care ¥ Moisturiser
Odour Eaters Spray 150ml,Foot Care ¥ Odour Control
Scholl Frsh Stp Foot Spr 150ml,Foot Care ¥ Odour Control
Carnation Bunion Pads,Foot Care ¥ Pressure Relief
Carnation Toe Protector 2 Toe Protector,Foot Care ¥ Pressure Relief
FINGER & TOE STRAPPING,Foot Care ¥ Pressure Relief
TOE NAIL PROTECTOR,Foot Care ¥ Pressure Relief
BUNION CORRECTOR,Foot Care ¥ Supports
CKIN2U HIM,Fragrance
MOSCHINO Cheap & Chic eau de toilette vapo 50ml ,Fragrance
ANUSOL 23G CREAM,Haemorrhoid Treatments
Anusol Cream 43g,Haemorrhoid Treatments
ANUSOL HC SUPPOSITORIES,Haemorrhoid Treatments
ANUSOL natural cream 30g,Haemorrhoid Treatments
Anusol Ointment 25g,Haemorrhoid Treatments
Anusol Plus Hc Ointment 15g,Haemorrhoid Treatments
Anusol Plus Hc Suppositories 12,Haemorrhoid Treatments
ANUSOL SOOTHING CLENSING WIPES,Haemorrhoid Treatments
Anusol Soothing Relief Oint,Haemorrhoid Treatments
Anusol Suppositories 12s,Haemorrhoid Treatments
Germoline Antiseptic Crm 55g,Haemorrhoid Treatments
Germoloids Cream 55g,Haemorrhoid Treatments
Germoloids Crm 25g,Haemorrhoid Treatments
Germoloids O/mint 25ml,Haemorrhoid Treatments
HEAD & SHOULDERS shampoo itchy scalp 250ml,Hair & Scalp Care ¥ Medicated
HEAD & SHOULDERS shampoo smooth & silky 250ml,Hair & Scalp Care ¥ Medicated
Head&should S/poo 225ml,Hair & Scalp Care ¥ Medicated
Head&should S/poo 250ml,Hair & Scalp Care ¥ Medicated
NEUTROGENA T/Gel shampoo scalp relief 250ml,Hair & Scalp Care ¥ Medicated
NEUTROGENA T/Gel shampoo sensitive scalp 150ml,Hair & Scalp Care ¥ Medicated
POLYTAR scalp shampoo 4% 150ml,Hair & Scalp Care ¥ Medicated
SCALP FORMULA OILY,Hair & Scalp Care ¥ Medicated
T/GEL shampoo dry hair 250ml ,Hair & Scalp Care ¥ Medicated
ALPECIN shampoo double effect 200ml,Hair Care
E45 SHAMPOO,Hair Care
EUCERIN SHAMPOO 250ML,Hair Care
EUCERIN UREA CALMING SCALP,Hair Care
Johnsons Baby Shampoo 300ml,Hair Care
NEUTRAL CLAW CLIPS ASSORT 3,Hair Care
WIDE VELVET ALICE BAND BROWN/BLACK,Hair Care
Capasal Shampoo,Hair Care 
Rainbow Detangler Slim Brush,Hair Care ¥ Brushes
UNICORN HAIRBRUSH,Hair Care ¥ Brushes
CLAIROL nice n easy care colour baby blonde 10a,Hair Care ¥ Colour
CLAIROL nice n easy care colour brown black 3,Hair Care ¥ Colour
CLAIROL nice n easy care colour dark brown 4,Hair Care ¥ Colour
CLAIROL tone+gloss 611/75 light ash brown 135ml,Hair Care ¥ Colour
CLAIROL tone+gloss 811/73 medium ash blonde 135ml,Hair Care ¥ Colour
JUST FOR MEN shampoo/in hair colourant dark brown H45,Hair Care ¥ Colours
RICE AND ROSEWATER CONDITIONER,Hair Care ¥ Conditioner
SAFE SOUND NIT COMB,Hair Care ¥ Lice Treatment
Silvikrin H/spray Max Firm Hold 250ml,Hair Care ¥ Styling
Silvikrin Hairspray Maximum Hold 250ml,Hair Care ¥ Styling
SILVIKRIN hairspray power extreme hold 75ml,Hair Care ¥ Styling
BF HAIR REMOVAL CREAM SENSITIVE,Hair Removal ¥ Creams
VEET SILKY FRESH,Hair Removal ¥ Creams
Beauty Form Lens Cleans Wipes 20 Lens Cleansing Wipes,Hair Removal ¥ Wax Strips
BEAUTY FORMULAS cold wax strips  20,Hair Removal ¥ Wax Strips
BEAUTY FORMULAS cold wax strips face & bikini line  36,Hair Removal ¥ Wax Strips
BF HAND CREAM,Hand Care ¥ Moisturiser
Okeefes Working Hnds 85g,Hand Care ¥ Moisturiser
Okeeffes Working Hands 96g,Hand Care ¥ Moisturiser
PALMERS C/OIL H/CREAM,Hand Care ¥ Moisturiser
PALMERS COCOA BUTTER HAND CREAM,Hand Care ¥ Moisturiser
PALMERS HAND CREAM,Hand Care ¥ Moisturiser
PALMOLIVE liquid hand soap antibacterial 300ml,Hand Care ¥ Soap
Beconase H/fever Ad100 Spray,Hayfever / Allergy Relief
Beconase Hayfever Nasal Spray 0.05% 180 Doses,Hayfever / Allergy Relief
CLARINAZE NASAL SPRAY,Hayfever / Allergy Relief
Pirinase Hayfever Nasal Spray 0.05% 60dose,Hayfever / Allergy Relief
Pirinase Hayfever Nasal Spray 60dse,Hayfever / Allergy Relief
Full Marks Soln 100ml,Head Lice Treatment
Hedrin 4% Lotion,Head Lice Treatment
LYCLEAR CREME RINSE,Head Lice Treatment
Lyclear Dermal Crm 30g Dermal Cream  5%,Head Lice Treatment
LYCLEAR extra strong shampoo 200ml ,Head Lice Treatment
Lyclear Ltn + Cmb 100ml,Head Lice Treatment
Lyclear Treatment S/poo 200ml,Head Lice Treatment
VAMOUSSE head lice treatment mousse 160ml,Head Lice Treatment
Kool N Sooth Migraine Pads,Headache Relief ¥ Cooling
KOOL N SOOTHE MIGRAINE roll/on 5ml ,Headache Relief ¥ Cooling
Koolnsoothe Child 4,Headache Relief ¥ Cooling
MIGRAINE RELIEF BUCCAL,Headache Relief ¥ Migraine
Migraitan 50mg Tablets ,Headache Relief ¥ Migraine
MIGRAKIND tablets f/c 50mg  2,Headache Relief ¥ Migraine
Migraleve Complete 12 Tabs,Headache Relief ¥ Migraine
Migraleve Complete 24 Tabs,Headache Relief ¥ Migraine
Migraleve Pink 12 Tabs,Headache Relief ¥ Migraine
Migraleve Pink Tabs 24,Headache Relief ¥ Migraine
4head Top H/ache Rel Stk 3.6g,Headache Relief Stick
Citric Acid,Household / Cleaning
AACULOSE eye drops 0.3% 10ml,Hypromellose Eye Drops
AACULOSE eye drops 0.5% 10ml,Hypromellose Eye Drops
ALMUS ibuprofen tablets 200mg  16,Ibuprofen
ALMUS ibuprofen tablets 200mg  24,Ibuprofen
Ibuprofen 16s,Ibuprofen
IBUPROFEN 200MG 24S,Ibuprofen
Ibuprofen 200mg 48s,Ibuprofen
IBUPROFEN 400MG,Ibuprofen
Ibuprofen 400mg 48s,Ibuprofen
Ibuprofen 400mg 84s,Ibuprofen
IBUPROFEN 400MG TABLETS,Ibuprofen
Ibuprofen 400mg Tablets 24TAB,Ibuprofen
IBUPROFEN AMD CODEINE,Ibuprofen
Ibuprofen Gel 10% 30g,Ibuprofen
Ibuprofen oral suspension s/f 100mg/5ml 100ml ,Ibuprofen
Ibuprofen Tablets 200mg 24,Ibuprofen
NUMARK IBUPROFEN 400MG 24S,Ibuprofen
NUMARK IBUPROFEN 400MG 48S,Ibuprofen
NUMARK IBUPROFEN 400MG 96TAB,Ibuprofen
NUMARK OTC medicines ibuprofen tablets 200mg  96,Ibuprofen
Nurofen 200mg Caplets,Ibuprofen
Nurofen 200mg Tablets 16s,Ibuprofen
Nurofen Exp Liq Cap 10 Liquid Capsules  400mg,Ibuprofen
Nurofen Exp Liq Cap 20 Liquid Capsules  400mg,Ibuprofen
Nurofen Exp Lqd Caps 16 200mg,Ibuprofen
Nurofen Joint&back Max Tabs 512mg 24 Tablets,Ibuprofen
CALPROFEN oral suspension 100mg/5ml 200ml,Ibuprofen ¥ Children†s
CALPROFEN suspension 100mg/5ml 100ml,Ibuprofen ¥ Children†s
TENA discreet pads extra duo  20,Incontinence
Tena For Men Pants Level4 x8,Incontinence
Tena L2 Men,Incontinence
Tena Lady Discreet Norm 12,Incontinence
TENA lady extra plus instadry absorbent pads duo  16,Incontinence
Tena Men Level 1 12s,Incontinence
TENA men pants active fit blue small/medium 9,Incontinence
TENA men pants active fit grey small/medium 9,Incontinence
TENA MEN PROTECTIVE SHIELD,Incontinence
Tena Pants Maxi Large,Incontinence
Tena Pants Medium x9,Incontinence
Tena Pants Super Large,Incontinence
Tena Pants Super Med,Incontinence
Tena Pants Xl X12,Incontinence
TENA unisex pants maxi medium 10,Incontinence
TENA unisex pants maxi x large 10,Incontinence
TENA unisex pants night plus x large 10,Incontinence
Calypso Insect Repellent Spray 150ml,Insect Repellent
J/form PluG/In Mosq Killer,Insect Repellent
Jungle Formula Dry Protect Spray 125ml,Insect Repellent
JUNGLE FORMULA dry protect spray 90ml ,Insect Repellent
Vagisil Med Crm 30g,Intimate Care ¥ Anti-itch
Canesbalance Bv Gel 7s,Intimate Care ¥ BV Treatment
REPLENS BV relief gel  3,Intimate Care ¥ BV Treatment
Femfresh Deo Spray 125ml,Intimate Care ¥ Deodorant
Canestest Scrn Test,Intimate Care ¥ Diagnostic
Yes Vm Vag Moist 100ml,Intimate Care ¥ Moisturiser
Femfresh Powder 200g,Intimate Care ¥ Powder
BALANCE ACTIV intimate daily foam wash 150ml,Intimate Care ¥ Thrush Treatment
BALANCE ACTIV thrush cream 30ml,Intimate Care ¥ Thrush Treatment
CANESTEN canescool soothing cream gel 15g,Intimate Care ¥ Thrush Treatment
FEMFRESH body fresheners range soothing wash 250ml,Intimate Care ¥ Wash
Femfresh Ult Care Wash 250ml,Intimate Care ¥ Wash
Vagisil Ph Balance Wash 250ml,Intimate Care ¥ Wash
BEAUTY FORMULAS feminine intimate wipes   20,Intimate Care ¥ Wipes
Femfresh Wipes 25s,Intimate Care ¥ Wipes
Feroglobin,Iron Supplements
FERROTAB tablets 200mg  28,Iron Supplements
Ferrous Fumarate 210mg Tablets,Iron Supplements
FERROUS GLUCONATE 300MG,Iron Supplements
FERROUS SULFATE 200MG,Iron Supplements
FERROUS SULPH TABS 200MG 100,Iron Supplements
Ferrous Sulphate 100s 200mg,Iron Supplements
FERROUS SULPHATE 200MG,Iron Supplements
Floradix Liquid Fmla 250ml,Iron Supplements
FLORADIX TABLETS 84,Iron Supplements
Floravital Liquid,Iron Supplements
FLOWFLEX lateral flow test kits  5,Iron Supplements
GENTLE IRON COMPLEX 100 CAPSULES,Iron Supplements
IRON & VIT C CAPSULES,Iron Supplements
Spatone Apple Vit C 28,Iron Supplements
ACRIFLEX CREAM 30g,Irritation Relief / Anti-inflammatory
Acnecide Topical Aqueous Gel 30g 5% Topical Aqueous Gel  5%,Irritation Relief / Cooling Gel
Acriflex Cooling Gel 30g,Irritation Relief / Cooling Gel
Jointace Gel,Irritation Relief / Cooling Gel
1LFT,Lateral Flow Tests
ALMUS senna tablets 7.5mg  60,Laxative
Dulcoease 100mg 30 Caps,Laxatives
Dulcolax 5mg Gastro Tabs 20,Laxatives
Dulcolax 5mg Tabs,Laxatives
DULCOLAX ADULT PICO LIQUID,Laxatives
Dulcolax Liq 300ml PicO/Liquid  5mg/5ml,Laxatives
DULCOLAX TWELVE PLUS 5MG 40TAB,Laxatives
Lactulose 3.3g/5ml Oral Solusion,Laxatives
Lactulose 500ml,Laxatives
Lactulose Oral Sol 300ml,Laxatives
Laxido 30,Laxatives
Laxido Orange (keep),Laxatives
Senokot Liq 150ml,Laxatives
Senokot Max Strength,Laxatives
Senokot Tabs 7.5mg 20pk,Laxatives
ALOE VERA LIP BALM,Lip Care
BLISTEX lip infusions balm soothing 3.7g,Lip Care
BURTS BEES HONEY LIP BALM,Lip Care
CARMEX MOIST LIP BLM4.25G,Lip Care
CARMEX PEACH & MANGO,Lip Care
CARMEX STRAWBEY 4.25G,Lip Care
CHAP STICK STRAWBERRY,Lip Care
Chapstick Cherry,Lip Care
CHAPSTICK lip balm original card single,Lip Care
Chapstick Original,Lip Care
COCONUT LIP BALM,Lip Care
Lynx Peace Deodrant 150ml,Lip Care
Lypsyl Lipbalm,Lip Care
NIVEA ORIGINAL LIP BALM,Lip Care
STRAWBERRY LIP BALM,Lip Care
Vaseline Lip Rosy 20g,Lip Care
Vaselne Lip Therapy Org 20g,Lip Care
LIP BALM TROPICAL SPF30,Lip Care ¥ Sun Protection
MALIBU SPF 30 LIP BALM 3PK WATERMELON/MINT/VANILLA,Lip Care ¥ Sun Protection
3 IN 1 MAKE UP REMOVAL WIPES,Makeup Removal Wipes
COMPRESSOR NEBULIZER,Medical Devices
FINE TEST LITE,Medical Devices
GAUZE SWABS,Medical Devices
GLUCORX FINEPOINT NEEDLES,Medical Devices
GLUCORX go blood glucose meter with strips  50,Medical Devices
GLUCORX HCT blood glucose & ketone monitoring system,Medical Devices
GLUCORX Q blood glucose meter,Medical Devices
HURRYCANE,Medical Devices
HURRYCANE WALKING STICK,Medical Devices
ALVITA surgical dispensing aids pill cutter,Medication Accessories
PILL CUTTER,Medication Accessories
MISC,Miscellaneous
QV emollient bath oil 250ml,Moisturisers ¥ Bath Additive
QV gentle wash 250ml,Moisturisers ¥ Cleansing
QV gentle wash 500ml,Moisturisers ¥ Cleansing
CETRABEN cream 200ml,Moisturisers ¥ Emollients
CETRABEN cream 475ml,Moisturisers ¥ Emollients
Cetraben Cream 500g,Moisturisers ¥ Emollients
Cetraben Emoll Crm 50g,Moisturisers ¥ Emollients
Cetraben Emollient Cream,Moisturisers ¥ Emollients
CETRABEN ointment  125g,Moisturisers ¥ Emollients
Dermol 200 Shwr Emol 200ml,Moisturisers ¥ Emollients
Dermol 500 Ltn 500ml,Moisturisers ¥ Emollients
Dermol Cream 100g,Moisturisers ¥ Emollients
DIOMED doublebase dry skin emollient 100g ,Moisturisers ¥ Emollients
Epaderm Cream 50g,Moisturisers ¥ Emollients
EPADERM JUNIOR CREAM,Moisturisers ¥ Emollients
EPIMAX,Moisturisers ¥ Emollients
EPIMAX cream 100g ,Moisturisers ¥ Emollients
EPIMAX EXCETRA CREAM,Moisturisers ¥ Emollients
EPIMAX excetra cream 500g ,Moisturisers ¥ Emollients
EPIMAX ISOMOL GEL,Moisturisers ¥ Emollients
EPIMAX isomol gel 500g,Moisturisers ¥ Emollients
EPIMAX moisturising cream 100g,Moisturisers ¥ Emollients
EPIMAX oatmeal cream 500g,Moisturisers ¥ Emollients
EPIMAX ointment 125g,Moisturisers ¥ Emollients
QV emollient cream 100g,Moisturisers ¥ Emollients
QV emollient cream 500g,Moisturisers ¥ Emollients
QV intensive ointment 450g,Moisturisers ¥ Emollients
ZEROCREAM cream 50g,Moisturisers ¥ Emollients
A/Z MULTIVITAMINS & MINERALS,Multivitamins
Abidec Multivitamin Syrup 150ml,Multivitamins
BEROCCA gummies multi action  ,Multivitamins
BEROCCA vitamin B effervescent tablets blackcurrant ,Multivitamins
CENTRUM ADVANCE 50 PLUS,Multivitamins
CENTRUM ADVANCE ADULTS,Multivitamins
CENTRUM MEN 30 TABLETS,Multivitamins
CENTRUM WOMAN 50 PLUS,Multivitamins
Grays Herbal Tablets,Multivitamins
MENOPRIME,Multivitamins
NATURES AID vitamins tablets effervescent daily multivitamin  20,Multivitamins
NATURES AID vitamins tablets vitamin C t/r + citrus bioflavonoids  120,Multivitamins
NUMARK KIDS CHEWABLE M/VIT MINERALS 30,Multivitamins
OSTEOCARE tablets 25ug  30,Multivitamins
VALUPAK MULTIVIT 50 one/a/day tablets,Multivitamins
Valupak Multivit/iron Tabs 50 Tablets,Multivitamins
WELLKID liquid calcium 150ml ,Multivitamins 
WELLKID VITABIOTICS,Multivitamins 
HALIBORANGE omega/3 & multivitamin softies  30,Multivitamins ¥ Children†s
MINIONS MEGA MULTI VITAMINS 60,Multivitamins ¥ Children†s
VIVIO JUNIOR MULTIVITAMIN TONIC,Multivitamins ¥ Children†s
WELLKID gummies marvel multivitamin  50,Multivitamins ¥ Children†s
SEVEN SEAS OMEGA 3 MULTIVITAMIN MAN,Multivitamins ¥ Men†s Health
WELLWOMAN 70+ tablets   30,Multivitamins ¥ Women†s Health
ARTIFICIAL NAIL & TIP REMOVER,Nail Care
EMERY BOARD,Nail Care
FINGER & TOE NAIL POLISH WITH ACETONE,Nail Care
FINGERS & TOES AIL POLISH WITH ACETONE,Nail Care
HAIR NAILS & SKIN,Nail Care
LONG HANDLED NAIL CLIPPER,Nail Care
Acetone Solvent 50ml,Nail Care ¥ Acetone Remover
Amorolfine medicated nail lacquer (GSL) 5% 3ml,Nail Care ¥ Fungal Treatment
Nailner Fungal Nail 2in One,Nail Care ¥ Fungal Treatment
Nailner Fungal Nail Infection Brush 5ml Brush,Nail Care ¥ Fungal Treatment
NAILNER fungal nail infection pen 2/in/1 4ml,Nail Care ¥ Fungal Treatment
NAIL POLISH REMOVER ACETONE FREE,Nail Care ¥ Remover
Carnation Toenail Sft Ltn 14ml,Nail Care ¥ Softening
ASTD NAIL BRUSHES,Nail Care ¥ Tools
SHELL NAIL BRUSH,Nail Care ¥ Tools
Small Toe Nail Pliers,Nail Care ¥ Tools
STERIMAR nasal spray hayfever 50ml ,Nasal Care ¥ Allergy Relief
Sterimar Baby,Nasal Care ¥ Baby
Sterimar Isotonic Nasal Spry 100ml,Nasal Care ¥ Cleansing
Sterimar Nasal Isotonic Spry 50ml,Nasal Care ¥ Cleansing
Otrivine Adult Metered Spray,Nasal Care ¥ Congestion Relief
Otrivine Adult Nasal Drops 10ml,Nasal Care ¥ Congestion Relief
OTRIVINE nasal spray with khone spray congestion relief 0.1% 10ml,Nasal Care ¥ Congestion Relief
OTRIVINE nasal spray with khone spray sinusitis relief 0.1% 10ml,Nasal Care ¥ Congestion Relief
Sterimar Congest Rlf Spy 50ml,Nasal Care ¥ Decongestant
Sudafed Block Nose Spray 15ml,Nasal Care ¥ Decongestant
Sudafed Day/night,Nasal Care ¥ Decongestant
SUDAFED DECONG TABS 12s,Nasal Care ¥ Decongestant
Sudafed Mucus Relief 16 Tabs,Nasal Care ¥ Decongestant
SUDAFED PLUS blocked nose spray 50mg/ml/1mg/ml 10ml,Nasal Care ¥ Decongestant
Neilmed Sinus Rinse Refill Kit,Nasal Care ¥ Sinus Relief
Neilmed Sinus Rinse Starter ki,Nasal Care ¥ Sinus Relief
SUDAFED blocked nose & sinus capsules 25mg/500mg/6.1mg  16,Nasal Care ¥ Sinus Relief
SUDAFED sinus ease nasal spray 0.14ml 15ml,Nasal Care ¥ Sinus Relief
sudafed sinus max strength cap,Nasal Care ¥ Sinus Relief
BREATHE RIGHT ORIGINAL L,Nasal Strips ¥ Congestion Relief
AYMES shake compact banana 57g 7,Nutritional Drinks
AYMES shake compact strawberry 57g 7,Nutritional Drinks
AYMES shake compact vanilla 57g 7,Nutritional Drinks
Complan S/berry 57g,Nutritional Drinks
Complan Shake Banana 4x57g,Nutritional Drinks
Complan Shake Flavoured Shakes Strawberry 57g 4,Nutritional Drinks
Complan Shake Vanilla 4x57g,Nutritional Drinks
NUNN ULTRA HYDRATION RASPBERRY,Nutritional Wipes
Actifed MultI/Action Tabs 12s,Oral Care
ACTIVE 3.6 YEARS TOOTHBRUSH,Oral Care
AQUAFRESH mouthwash big teeth original 300ml,Oral Care
AQUAFRESH toothpaste childrens splash strawberry 50ml,Oral Care
Anbesol Adult Strength Gel 0.02%/0.10% W/w/2.0% 10g,Oral Care / Pain Relief
Care Chlorhexidine M/wash,Oral Care ¥ Antiseptic
ORALDENE medicated relief for mouth & throat infections 200ml ,Oral Care ¥ Antiseptic
CB 12 spray 15ml ,Oral Care ¥ Breath Freshener
Milk Teeth,Oral Care ¥ Children†s
Biotene Gel 50g,Oral Care ¥ Dry Mouth Relief
Biotene Moutwash Dry Mouth 500ml,Oral Care ¥ Dry Mouth Relief
Salivix 50 Sf Pastilles,Oral Care ¥ Dry Mouth Relief
DENTAL FLOSS PICKS,Oral Care ¥ Floss & Picks
Dental Sticks,Oral Care ¥ Floss & Picks
Corsodyl Dly Mw Cool Mint 500ml,Oral Care ¥ Gum Health
Corsodyl Dly Mw Frsh Mint 500ml,Oral Care ¥ Gum Health
Corsodyl M/wash Alc Free 300ml,Oral Care ¥ Gum Health
CORSODYL mouthwash active gum soft mint 500ml,Oral Care ¥ Gum Health
CORSODYL mouthwash original alcohol free 0.2% 300ml,Oral Care ¥ Gum Health
TEPE interdental brushes blue 0.6mm 6,Oral Care ¥ Interdental
TEPE interdental brushes mixed  6,Oral Care ¥ Interdental
TEPE interdental brushes orange 0.45mm 6,Oral Care ¥ Interdental
TEPE interdental brushes pink 0.4mm 6,Oral Care ¥ Interdental
TEPE interdental brushes yellow 0.7mm 6,Oral Care ¥ Interdental
TEPE interdental toothbrushes angle red 0.5mm 6,Oral Care ¥ Interdental
Wisdom Clean Between Brushes 20 Interdental Brushes,Oral Care ¥ Interdental
WISDOM interdental products clean between minty floss harps  30,Oral Care ¥ Interdental
BRUSH PICKS,Oral Care ¥ Interdental Tools
Benzydamine 0.15% Oromucosal Spray,Oral Care ¥ Mouth & Throat Relief
Benzydamine Mouthwash,Oral Care ¥ Mouth & Throat Relief
Bonjela Cool Mint 15g,Oral Care ¥ Mouth Ulcer Relief
Iglu Pastilles S/free Past 24s,Oral Care ¥ Mouth Ulcer Relief
LISTERINE antiseptic mouthwash coolmint 500ml ,Oral Care ¥ Mouthwash
LISTERINE mouthwash antiseptic total care 250ml,Oral Care ¥ Mouthwash
LISTERINE mouthwash antiseptic total care 500ml,Oral Care ¥ Mouthwash
WISDOM mouthwash chlorhexidine digluconate 0.2% mint contains alcohol 300ml,Oral Care ¥ Mouthwash
SENSODYNE ORIGINAL 75ML,Oral Care ¥ Sensitive Teeth
SENSODYNE toothpaste pronamel whitening 75ml,Oral Care ¥ Sensitive Teeth
SENSODYNE toothpaste rapid relief white 75ml,Oral Care ¥ Sensitive Teeth
SENSODYNE toothpaste repair & protect whitening 75ml,Oral Care ¥ Sensitive Teeth
ASHTON & PARSONS infants powders 0.002ml  30,Oral Care ¥ Teething
ASHTON & PARSONS TEETHING GEL,Oral Care ¥ Teething
BONJELA GEL 15G gel,Oral Care ¥ Teething
Bonjela Junior Gel 15g,Oral Care ¥ Teething
Bonjela Soothng Gel 15ml,Oral Care ¥ Teething
CLOVE OIL,Oral Care ¥ Toothache Relief
Clove Oil 10ml,Oral Care ¥ Toothache Relief
Orajel Dental Gel10% 5.3g,Oral Care ¥ Toothache Relief
Orajel Ex Dental Gel 5.3g,Oral Care ¥ Toothache Relief
Orajel Mouth Gel 10% Blue 5.3g,Oral Care ¥ Toothache Relief
ORAL/B toothbrush manual precision clean DB5 battery white,Oral Care ¥ Toothbrush
Wisdom Bogof Firm T/brush,Oral Care ¥ Toothbrushes
Wisdom Step By Step T/brush,Oral Care ¥ Toothbrushes
WISDOM toothbrushes clean between sensitive,Oral Care ¥ Toothbrushes
WISDOM toothbrushes fresh effect sensitive,Oral Care ¥ Toothbrushes
WISDOM toothbrushes ortho,Oral Care ¥ Toothbrushes
WISDOM toothbrushes re:new bamboo medium,Oral Care ¥ Toothbrushes
WISDOM toothbrushes regular medium  3,Oral Care ¥ Toothbrushes
WISDOM toothbrushes step by step 3/5,Oral Care ¥ Toothbrushes
WISDOM TRIPLE PACK ,Oral Care ¥ Toothbrushes
COLGATE mouthrinse max white one 500ml,Oral Care ¥ Toothpaste
Colgate Mouthrinse Plax Coolmint A/f 250ml,Oral Care ¥ Toothpaste
COLGATE mouthwash max white purple 500ml,Oral Care ¥ Toothpaste
COLGATE toothpaste max white one 75ml,Oral Care ¥ Toothpaste
COLGATE toothpaste total active fresh 75ml,Oral Care ¥ Toothpaste
COLGATE toothpaste total freshening 75ml,Oral Care ¥ Toothpaste
COLGATE toothpaste total original care 75ml,Oral Care ¥ Toothpaste
CORSODYL daily toothpaste original 75ml,Oral Care ¥ Toothpaste
CORSODYL DENTAL GEL 50g,Oral Care ¥ Toothpaste
MARVIS WHITENING MINT TOOTHPASTE 85ML,Oral Care ¥ Toothpaste
ORAL/B toothpaste kids pro kids 0/6yrs 50ml,Oral Care ¥ Toothpaste
TRUE SMILE CHARCOAL TOOTHPASTE,Oral Care ¥ Whitening
WISDOM toothpaste active whitening charcoal 100ml,Oral Care ¥ Whitening
WISDOM toothpaste active whitening instant bright 75ml,Oral Care ¥ Whitening
ANADIN EXTRA ,Pain Relief
Anadin Extra 32,Pain Relief
ARNICA CREAM,Pain Relief
Arnicare Crm 50g,Pain Relief
Biofreeze Pain Rlf RolL/On 89ml,Pain Relief
Difflam 3mg Lozenges,Pain Relief
Difflam Spray 30ml,Pain Relief
Glyceryl Trinitrate Spray,Pain Relief
Windsetlers Gel Caps 24 Gel Caps  100mg,Pain Relief
DEEP RELIEF ANTI/INFLAM GEL,Pain Relief ¥ Anti-inflammatory Gel
Deep Relief Gel 5% 30g,Pain Relief ¥ Anti-inflammatory Gel
Deep Relief Gel Trip Act 50g,Pain Relief ¥ Anti-inflammatory Gel
FENBID GEL 5%,Pain Relief ¥ Anti-inflammatory Gel
IBUGEL gel 5.0%w/w 100g,Pain Relief ¥ Anti-inflammatory Gel
IBULEVE 5% 50G,Pain Relief ¥ Anti-inflammatory Gel
Ibuleve Max Strength 50g,Pain Relief ¥ Anti-inflammatory Gel
IBULEVE max strength pain relief gel 10% 30g,Pain Relief ¥ Anti-inflammatory Gel
IBULEVE max strength pain relief gel 10% 50g,Pain Relief ¥ Anti-inflammatory Gel
MOTUSOL gel 1.16% 30g,Pain Relief ¥ Anti-inflammatory Gel
PHORPAIN GEL 10% 50G,Pain Relief ¥ Anti-inflammatory Gel
Phorpain Gel 30g 5%,Pain Relief ¥ Anti-inflammatory Gel
Voltarol 12hr Emugel P 30g,Pain Relief ¥ Anti-inflammatory Gel
Voltarol 12hr EmugeL/P 50g,Pain Relief ¥ Anti-inflammatory Gel
voltarol 12hr gel,Pain Relief ¥ Anti-inflammatory Gel
VOLTAROL 13 HOUR PAIN RELIEF,Pain Relief ¥ Anti-inflammatory Gel
VOLTAROL EMULGEL gel 2.32% 30g ,Pain Relief ¥ Anti-inflammatory Gel
VOLTAROL EMULGEL P 50g,Pain Relief ¥ Anti-inflammatory Gel
Voltarol Emulgel P Gel 30g Gel  1.16%,Pain Relief ¥ Anti-inflammatory Gel
Voltarol Paineze Emulgel 30g,Pain Relief ¥ Anti-inflammatory Gel
Calpol 120mg/5ml Original,Pain Relief ¥ Children†s
CALPOL 2M+ 100ML,Pain Relief ¥ Children†s
Calpol Inf S/f 120mg/5ml 100ml,Pain Relief ¥ Children†s
CALPOL MELTS 6PLUS,Pain Relief ¥ Children†s
Calpol Sfree Inf Susp 200ml,Pain Relief ¥ Children†s
Calpol Six Plus Sf 100ml,Pain Relief ¥ Children†s
Calpol Six Plus Sfree 200ml,Pain Relief ¥ Children†s
IBUPROFEN 100MG/5ML ORAL SUSPENSION,Pain Relief ¥ Children†s
Nurofen Child Strawberry 100ml,Pain Relief ¥ Children†s
Nurofen Child Strwbry 100ml,Pain Relief ¥ Children†s
Nurofen Children S/berry 200ml,Pain Relief ¥ Children†s
NUROFEN FOR CHILDREN oral suspension orange flavour 7/12 years 200mg/5ml 100ml,Pain Relief ¥ Children†s
NUROFEN FOR CHILDREN oral suspension strawberry flavour 7/12 years 200mg/5ml 100ml ,Pain Relief ¥ Children†s
Nurofen For Children Orange 100ml,Pain Relief ¥ Children†s
CO CODAMOL,Pain Relief ¥ Co-Codamol
Co Codamol 8/500mg Eff,Pain Relief ¥ Co-Codamol
CO CODAMOL 8MG/500MG,Pain Relief ¥ Co-Codamol
CO/Codamol 32s,Pain Relief ¥ Co-Codamol
CO/CODAMOL 8/500MG,Pain Relief ¥ Co-Codamol
CO/Codamol Eff 8/500mg 32s,Pain Relief ¥ Co-Codamol
NUMARK co/codamol caplets 8/500mg 32,Pain Relief ¥ Co-Codamol
ZIPAMOL PLUS effervescent tablets 8/500mg  32,Pain Relief ¥ Co-Codamol
Galpharm Cold Sore Crm 2g Cold Sore Cream  5% W/w,Pain Relief ¥ Combination
GALPHARM ibuprofen & paracetamol tablets f/c 200mg/500mg  16,Pain Relief ¥ Combination
GALPHARM ibuprofen rapid tablets 342mg  16,Pain Relief ¥ Combination
Galpharm Nightcalm 50mg 20s,Pain Relief ¥ Combination
NUROMOL dual action pain relief tablets 200mg/500mg  12,Pain Relief ¥ Combination
NUROMOL dual action pain relief tablets 200mg/500mg  16,Pain Relief ¥ Combination
SYNDOL tablets 30mg/10mg/5mg/450mg  10,Pain Relief ¥ Combination
DEEP FREEZE cold gel 100g,Pain Relief ¥ Cooling Gel
DEEP FREEZE cold gel 35g,Pain Relief ¥ Cooling Gel
DEEP FREEZE glide/on cold gel 50g,Pain Relief ¥ Cooling Gel
DEEP FREEZE muscle rescue cold spray 72.5ml,Pain Relief ¥ Cooling Gel
Voltarol Heat Patch Non Medicated,Pain Relief ¥ Heat Patch
Deep Heat Bk Patch x2,Pain Relief ¥ Heat Rub
Deep Heat Heat Rub 100g Heat Rub,Pain Relief ¥ Heat Rub
Deep Heat Muscle Roll On 50ml,Pain Relief ¥ Heat Rub
Deep Heat Patch x4,Pain Relief ¥ Heat Rub
DEEP HEAT warming belt  2,Pain Relief ¥ Heat Rub
Cuprofen 24s,Pain Relief ¥ Ibuprofen
Cuprofen 400mg Tablets 48,Pain Relief ¥ Ibuprofen
Cuprofens 400mg 96s,Pain Relief ¥ Ibuprofen
FLARIN soft capsules 200mg  30,Pain Relief ¥ Ibuprofen
NUROFEN PLUS IBUPROFEN.CODEINE 24TAB,Pain Relief ¥ Ibuprofen & Codeine
NUROFEN PLUS TABLETS 32,Pain Relief ¥ Ibuprofen & Codeine
Nurofen Tabs 200mg 24 Tabs,Pain Relief ¥ Ibuprofen & Codeine
FLARIN JOINT & MUSCULAR PAIN RELIEF soft capsules 200mg  12,Pain Relief ¥ Joint Care
FLARIN JOINT & MUSCULAR PAIN RELIEF soft capsules 200mg  16,Pain Relief ¥ Joint Care
Flexiseq Gel 50g,Pain Relief ¥ Joint Care
GLOSAMINE & CHONDROITIN,Pain Relief ¥ Joint Care
Nurofen Migraine Pain Tabs 12 Tablets  342mg,Pain Relief ¥ Migraine
Solpadeine Headache Soluble,Pain Relief ¥ Paracetamol & Caffeine
SOLPADEINE MAX 24,Pain Relief ¥ Paracetamol & Codeine
SOLPADEINE MAX SOL 24,Pain Relief ¥ Paracetamol & Codeine
SOLPADINE PLUS 24,Pain Relief ¥ Paracetamol & Codeine
SOLPADINE PLUSE 24CAP,Pain Relief ¥ Paracetamol & Codeine
BIOFREEZE SPRAY,Pain Relief ¥ Topical
Tiger Balm White 19g,Pain Relief ¥ Topical
VOLTAROL PLASTER,Pain Relief ¥ Topical Patch
3PLUS MONHS PARACETAMOL,Paracetamol
ALMUS paracetamol caplets 500mg  16,Paracetamol
ALMUS PARACETAMOL ORAL S 2MPLUS,Paracetamol
BELLS OTC medicines analgesics paracetamol caplets 500mg  32,Paracetamol
PANADOL,Paracetamol
Panadol Actifast Sol 24,Paracetamol
PANADOL ADVANCE caplets 500mg  32,Paracetamol
Panadol Extra Advance Tablets 32 Tablets,Paracetamol
Panadol Extra Sol Tabs 24,Paracetamol
Panadol Nght Tabs 20 Tablets,Paracetamol
PARACETAMOL,Paracetamol
PARACETAMOL 250MG/5ML ORAL S 200ML,Paracetamol
paracetamol 500mg,Paracetamol
PARACETAMOL CAPLETS,Paracetamol
PARACETAMOL CAPLETS 16S,Paracetamol
Paracetamol Caplets 32,Paracetamol
PARACETAMOL CAPS 500mg 16,Paracetamol
Paracetamol Caps 500mg 32,Paracetamol
PARACETAMOL CAPSULES,Paracetamol
PARACETAMOL CAPSULES 32S,Paracetamol
PARACETAMOL EFFERVESCENT TABLETS,Paracetamol
Paracetamol Plus 500mg/65mg Tablets,Paracetamol
Paracetamol Soluble 500mg Tabs,Paracetamol
PARACETAMOL SUSP 200ml,Paracetamol
PARACETAMOL TABLETS 500MG,Paracetamol
Paramol Ets 24 Tabs,Paracetamol
Paramol Tabs E/t/s 12 Easy To Swallow,Paracetamol
Paramol Tabs Ets 32,Paracetamol
SOLPAONE EFFERVESCENT PARACETAMOL,Paracetamol
ALMUS period pain reliever tablets g/r 250mg  9,Period Pain
Feminax Express 342mg 16 Tabs,Period Pain
PANADOL PERIOD PAIN tablets 65mg/500mg  16,Period Pain
MERIDIANA body & back buff with handle,Personal Care
MINI HANDBAG BARREL BRUSH,Personal Care 
AIRPURE CANDLE JAR RASPBERRY BLISS,Personal Care / Candles
Alberto Balsam Apple Conditioner 350ml,Personal Care / Hair Care
Almond Oil,Personal Care / Oils
ADULT WATERWIPES,Personal Care / Wipes
SHARPENER,Personal Care ¥ Accessories
UNISEX MAGIC GLOVES ,Personal Care ¥ Accessories
PERSPIREX antiperspirant roll/on original 20ml ,Personal Care ¥ Antiperspirant
LITTLE HEROES BBY WIPES,Personal Care ¥ Baby Wipes
BROW & LASH GROOMER,Personal Care ¥ Beauty Tools
DEAD SEA BATH SALTS,Personal Care ¥ Beauty Tools
ROSE GOLD TWEEZERS,Personal Care ¥ Beauty Tools
TWEEZERS,Personal Care ¥ Beauty Tools
Tweezers With Assorted Ends,Personal Care ¥ Beauty Tools
PRICES SCENTED CANDLE CLUSTER JAR OPEN WINDOW,Personal Care ¥ Candles
POCKET COMB,Personal Care ¥ Comb
ALVITA beauty & toiletries cotton wool balls  100,Personal Care ¥ Cotton & Tissues
ALVITA beauty & toiletries cotton wool pleats 100g,Personal Care ¥ Cotton & Tissues
ALVITA TISSUES,Personal Care ¥ Cotton & Tissues
ALVITACOTTON PADS,Personal Care ¥ Cotton & Tissues
Baby Cotton Pads,Personal Care ¥ Cotton & Tissues
COMPACT MIRROR  ,Personal Care ¥ Cotton & Tissues
COTTON BUDS,Personal Care ¥ Cotton & Tissues
COTTON WOOL BALLS,Personal Care ¥ Cotton & Tissues
Cotton Wool Roll,Personal Care ¥ Cotton & Tissues
COTTONBUDS,Personal Care ¥ Cotton & Tissues
JOHNSONS baby cotton buds  100,Personal Care ¥ Cotton & Tissues
PRETTY COTTON WOOL BALLS,Personal Care ¥ Cotton & Tissues
BRUT deodorant spray musk 200ml ,Personal Care ¥ Deodorants
Brut Orginal Deo 200ml,Personal Care ¥ Deodorants
DOVE ROLL ON ORIGINAL,Personal Care ¥ Deodorants
IMPULSE body spray very pink  75ml,Personal Care ¥ Deodorants
Impulse Tease 75ml,Personal Care ¥ Deodorants
LYNX antiperspirant black 150ml ,Personal Care ¥ Deodorants
MITCHUM MEN,Personal Care ¥ Deodorants
Mitchum Roll on,Personal Care ¥ Deodorants
MITCHUM TRIPLE ODOR POWDER FRESH,Personal Care ¥ Deodorants
Nivea For Men | Aerosol Deodorant Cool K Cool Kick,Personal Care ¥ Deodorants
NIVEA MEN deodorant spray cool kick 250ml,Personal Care ¥ Deodorants
Nivea Pearl & Beauty Deo 150ml,Personal Care ¥ Deodorants
Tabac Orig Deod Stck 75ml Deodorant Stick,Personal Care ¥ Deodrant
REVLON Charlie Pink body spray  75ml,Personal Care ¥ Fragrance
REVLON mitchum advanced aerosol powder fresh 200ml,Personal Care ¥ Fragrance
TROPICAL SHOWER CAP,Personal Care ¥ Hair
CASSANDRA hot water bottles ribbed one side,Personal Care ¥ Hot Water Bottles
PLUSH HOT WATER BOTTLE,Personal Care ¥ Hot Water Bottles
LENS CLEANING WIPES,Personal Care ¥ Lens Wipes
ZEISS LENS WIPES ,Personal Care ¥ Lens Wipes
Aproderm Barrier Cream  100g,Personal Care ¥ Moisturiser
APRODERM ointment 50g,Personal Care ¥ Moisturiser
AQUEOUS CREAM,Personal Care ¥ Moisturiser
AQUEOUS CREAM 500ML,Personal Care ¥ Moisturiser
AQUEOUS CREAM WITH ALOE VERA,Personal Care ¥ Moisturiser
AVEENO calm + restore nourishing oat cleanser 200ml,Personal Care ¥ Moisturiser
AVEENO CREAM 300ML,Personal Care ¥ Moisturiser
Aveeno Daily Moist Crm 100ml,Personal Care ¥ Moisturiser
Aveeno Daily Org Moist Ltn 300ml,Personal Care ¥ Moisturiser
Aveeno Moist Crm Oil 300ml,Personal Care ¥ Moisturiser
Aveeno Skin Relief Hand Cream 75ml,Personal Care ¥ Moisturiser
CUSSONS creations handwash sea samphire & waterlily 500ml,Personal Care ¥ Moisturiser
Cuticua Crisp & Fresh Antibac Hand Gel,Personal Care ¥ Moisturiser
DOVE BODY LOVE RESTORING CARE HANDCREAM,Personal Care ¥ Moisturiser
DOVE CLASSIC  ,Personal Care ¥ Moisturiser
DOVE LOTION,Personal Care ¥ Moisturiser
E45 PUMP CREAM,Personal Care ¥ Moisturiser
EUCERIN dry skin with lactate & carnatine replenishing cream 5% 75ml,Personal Care ¥ Moisturiser
EUCERIN dry skin with lactate replenshing face cream 5% 50ml,Personal Care ¥ Moisturiser
EUCERIN urea repair treatment cream 10% 100ml,Personal Care ¥ Moisturiser
EUMOVATE ECZ&DER CRM 15g,Personal Care ¥ Moisturiser
EURAX CREAM W CROTAMITON10%,Personal Care ¥ Moisturiser
Eurax Crm 100g Tube Cream  10%,Personal Care ¥ Moisturiser
KNECT,Personal Care ¥ Moisturiser
NIVEA body lotion express hydration 250ml,Personal Care ¥ Moisturiser
NIVEA CREME,Personal Care ¥ Moisturiser
NIVEA VISAGE daily moisturising creme nourishing 50ml,Personal Care ¥ Moisturiser
NUAGE body care range aqueous cream 500ml ,Personal Care ¥ Moisturiser
Palmers Body Lotion 250ml,Personal Care ¥ Moisturiser
PALMERS BODY OIL,Personal Care ¥ Moisturiser
PALMERS COCOA BUTTER SOAP,Personal Care ¥ Moisturiser
PALMERS COCONUT OIL BODY LOTION 250ML,Personal Care ¥ Moisturiser
Palmers F/f 250ml,Personal Care ¥ Moisturiser
PALMERS MEN 3IN1 LOTION,Personal Care ¥ Moisturiser
SANCTUARY SPA BODY LOTION,Personal Care ¥ Moisturiser
MERIDIANA nail brush plastic double sided,Personal Care ¥ Nail Tools
MURRAYS clippers toe nail,Personal Care ¥ Nail Tools
MURRAYS emery boards 11cm  11cm,Personal Care ¥ Nail Tools
MURRAYS files & buffers nail styler 15cm,Personal Care ¥ Nail Tools
MURRAYS files & buffers stainless steel foot file,Personal Care ¥ Nail Tools
Murrays Hard Skin Remover,Personal Care ¥ Nail Tools
MURRAYS nail scissors stainless steel straight nail,Personal Care ¥ Nail Tools
MURRAYS scissors & clippers scissors toe nail angle stainless steel,Personal Care ¥ Nail Tools
NAIL CLIPPER CURVED,Personal Care ¥ Nail Tools
Scholl Toenail Scissors,Personal Care ¥ Nail Tools
PURE CASTOR OIL 150ML,Personal Care ¥ Oils
Dermol Wash,Personal Care ¥ Shower
Dettol Anti Bact Soap 2x100g,Personal Care ¥ Shower
Dettol Hand Hygiene Gel,Personal Care ¥ Shower
Doublebase Emol Wash Gel 200g Wash Gel,Personal Care ¥ Shower
Doublebase Shower,Personal Care ¥ Shower
DOVE BODY LOVE  SILKY TUB 300ML,Personal Care ¥ Shower
NIVEA bath & shower  cream coconut & jojoba oil 250ml,Personal Care ¥ Shower
NIVEA bath & shower  cream cream soft 250ml,Personal Care ¥ Shower
NIVEA MEN shower gel sensitive 250ml,Personal Care ¥ Shower
NIZORAL ANTI DANDFUFF SHAMPOO 2%,Personal Care ¥ Shower
Radox Shower Active 250ml,Personal Care ¥ Shower
RADOX shower gel feel moisturised oat & chamomile 225ml,Personal Care ¥ Shower
RADOX shower gel feel refreshed eucalyptus & citrus 225ml,Personal Care ¥ Shower
SANEX bath foam zero% kids 450ml,Personal Care ¥ Shower
SANEX shower gel zero % sensitive 225ml,Personal Care ¥ Shower
SANEX shower gel zero % sensitive 450ml,Personal Care ¥ Shower
SEBAM3D SHAMPOO,Personal Care ¥ Shower
SHOWER OIL,Personal Care ¥ Shower
VELVET EYE MASK,Personal Care ¥ Sleep Accessories
KLEENEX allergy comfort tissues  56,Personal Care ¥ Tissues
KLEENEX balsam extra large compact  40,Personal Care ¥ Tissues
KLEENEX balsam regular  64,Personal Care ¥ Tissues
KLEENEX original tissues  64,Personal Care ¥ Tissues
Kleenex Tissues,Personal Care ¥ Tissues
POCKET TISSUES,Personal Care ¥ Tissues
BAMBOO FACECLOTHS,Personal Care ¥ Towels & Cloths
FACIAL WIPES ,Personal Care ¥ Wipes
FACIAL WIPES SOFT APRICOT,Personal Care ¥ Wipes
FACIAL WIPES ULTRA SENSITIVE,Personal Care ¥ Wipes
Johnsons Face Care Face Care Makeup Be Extra Sensitive Wipes,Personal Care ¥ Wipes
NUMARK toiletries & personal care lens wipes  50,Personal Care ¥ Wipes
SIMPLE face kind to skin cleansing wipes  25,Personal Care ¥ Wipes
SIMPLE face kind to skin cleansing wipes  7,Personal Care ¥ Wipes
TEA TREE CLENSING WIPES 25,Personal Care ¥ Wipes
TEA TREE FACIAL WIPES,Personal Care ¥ Wipes
WET ONES biodegradable wipes be fresh  12,Personal Care ¥ Wipes
TEA TREE OIL,Personal Care/Oils
SAFE & SOUND medicine organisers 4 times daily coloured pill box,Pill Management
Safe & Sound Medicine Organisers 7 Day Pill Box +extra Am And pm,Pill Management
SAFE & SOUND medicine organisers 7 day pill box am / pm,Pill Management
SAFE & SOUND medicine organisers 7 day pill box reminder,Pill Management
SAFE & SOUND medicine organisers jumbo pill box detachable,Pill Management
SAFE & SOUND medicine organisers table top weekly pill box,Pill Management
SAFE & SOUND medicine organisers weekly pill organiser,Pill Management
Safe & Sound Pop Open 7 Day Pop Open 7 Day Pill Box,Pill Management
ALVITA PREGNANCY TEST SINGLE,Pregnancy
ALVITA PREGNANCY TEST TWIN,Pregnancy
LANSINOH disposable nursing pads  60,Pregnancy
Clearblue _brand Clearblue Early Detecti Early Detection Visual,Pregnancy Tests
Clearblue Dig Ovulation Test,Pregnancy Tests
Clearblue Digital Preg Test Sngle,Pregnancy Tests
Clearblue One Step Preg Test 1,Pregnancy Tests
SURESIGN 2 PREGNANCY TEST,Pregnancy Tests
SURESIGN 6 day early midstream pregnancy test  2,Pregnancy Tests
SURESIGN PREGNANCY TEST,Pregnancy Tests
?1 Lines,Product Value
FOSTER & GRANT 1.00,Reading Glasses
FOSTER & GRANT 1.50,Reading Glasses
FOSTER & GRANT 2.00,Reading Glasses
FOSTER & GRANT 2.50,Reading Glasses
FOSTER & GRANT 3.00,Reading Glasses
FOSTER & GRANT 3.50,Reading Glasses
DIORALYTE oral powder sachets blackcurrant 0.53g/3.56g/0.30g/0.47g  6,Rehydration ¥ Electrolytes
DIORALYTE oral powder sachets blackcurrant 0.53g/3.56g/0.3g/0.47g  20,Rehydration ¥ Electrolytes
DIORALYTE oral powder sachets citrus 0.53g/3.56g/0.30g/0.47g  6,Rehydration ¥ Electrolytes
DIORALYTE oral powder sachets natural 0.53g/3.56g/0.30g/0.47g  6,Rehydration ¥ Electrolytes
DIORALYTE RELIEF sachets s/f blackcurrant 300mg/350mg/580mg  6,Rehydration ¥ Electrolytes
DIORALYTE RELIEF sachets s/f raspberry 300mg/350mg/580mg  6,Rehydration ¥ Electrolytes
O.R.S. oral rehydration salt for children tablets strawberry  24,Rehydration ¥ Electrolytes
O.r.s. Oral Rehydration Salt Tablets Blackcurrant   12,Rehydration ¥ Electrolytes
UNNU SPORT ELECTROLYTES 50G,Rehydration ¥ Electrolytes
ALVITA incontinence range pads waterproof bed 60cm x 90cm 30,Sanitary Products
ALWAYS CLASSIC,Sanitary Products
ALWAYS incontinence range discreet pads long  10,Sanitary Products
ALWAYS incontinence range discreet pads long plus  16,Sanitary Products
Always Sensitive Norm 16s,Sanitary Products
ALWAYS ULTRA DAY & NIGHT,Sanitary Products
ALWAYS ULTRA sanitary towels day & night with wing size 3 18,Sanitary Products
LiL/Lets Lite 16s,Sanitary Products
Tampax Compak Reg 18s,Sanitary Products
Tampax Compak Super Plus,Sanitary Products
TAMPAX compak tampons super  18,Sanitary Products
TAMPAX tampons regular   20,Sanitary Products
NIVEA MEN shaving foam sensitive 200ml ,Shaving ¥ Foam
Gillette Foam Classic Sens 200ml,Shaving ¥ Gel
GILLETTE pre/shave fusion 5 hydragel sensitive skin shave gel 200ml,Shaving ¥ Gel
Bic 1 Sens 5pk,Shaving ¥ Razors
Bic Disp Raz Twin Lady 5 Twin Lady,Shaving ¥ Razors
FADEOUT SKNCARE,Skin Care
Nivea Visage Sens Micellar Water 200ml,Skin Care
SKIN OINTMENT,Skin Care
EUCERIN dermo purifyer scrub 100ml,Skin Care 
ALMUS CALAMINE LOTION ,Skin Care / Soothing Lotions
AVEENO daily moisturising lotion calming relief 300ml,Skin Care / Soothing Lotions
CURALENE JELLY,Skin Care / Soothing Lotions
E45 body lotion daily 400ml,Skin Care / Soothing Lotions
E45 lotion spray daily 200ml,Skin Care / Soothing Lotions
Clearasil Ult Gel Wsh 150ml,Skin Care ¥ Acne Treatment
Lanacane Med Crm 30g,Skin Care ¥ Anti-itch
CRYSTACIDE CREAM,Skin Care ¥ Antiseptic
Nelsons Tea Tree Crm 30ml,Skin Care ¥ Antiseptic
Witch Hazel 200ml,Skin Care ¥ Astringent
CUTICURA body powder mildly medicated 150g,Skin Care ¥ Body Powder
CUTICURA ORIG BODY POWDER,Skin Care ¥ Body Powder
Hirudoid Cream 50g,Skin Care ¥ Bruise & Vein Relief
POXCLIN COOL MOUSSE,Skin Care ¥ Chickenpox Relief
Vira Soothe 75g,Skin Care ¥ Chickenpox Relief
Virasoothe Cpox Gel 50g,Skin Care ¥ Chickenpox Relief
Virasoothe Spry Gel 60ml,Skin Care ¥ Chickenpox Relief
BIO/OIL dry skin gel 200ml,Skin Care ¥ Dry Skin
FACE FACTS MUD MASK CUCUMBER,Skin Care ¥ Face Masks
MERIDIANA white soap box,Skin Care ¥ Gentle Cleansing
SIMPLE soap bar 100g 2,Skin Care ¥ Gentle Cleansing
HC45 HYDROCORTISONE CREAM,Skin Care ¥ Hydrocortisone
Hydrocortisone 1% Cream,Skin Care ¥ Hydrocortisone
HYDROCORTISONE CREAM 1%,Skin Care ¥ Hydrocortisone
Hydrocortisone Cream 1% 15g,Skin Care ¥ Hydrocortisone
HYDROCORTISONE OINTMENT,Skin Care ¥ Hydrocortisone
HYDROGEN PEROXIDE 6%,Skin Care ¥ Hydrocortisone
E45 ITCH RELIEF CREAM,Skin Care ¥ Itch Relief
E45 itch relief gel 100ml,Skin Care ¥ Itch Relief
EURAX cooling itch relief gel 75g,Skin Care ¥ Itch Relief
EURAX HC CREAM,Skin Care ¥ Itch Relief with Hydrocortisone
CUTICURA bar soap mildly medicated for dry skin 100g,Skin Care ¥ Medicated Soap
Lotil Cream 50ml,Skin Care ¥ Moisturiser
Lotil Org Cream 114ml,Skin Care ¥ Moisturiser
MEDI DERMA/S,Skin Care ¥ Moisturiser
MENTHODERM menthol in aqueous cream 1% 100g,Skin Care ¥ Moisturiser
Vaseline Cocoa Butter Jelly,Skin Care ¥ Moisturiser
Vaseline CoCoa Radiant,Skin Care ¥ Moisturiser
VASELINE hand cream 75ml 6,Skin Care ¥ Moisturiser
Vaseline Petro Jelly 100ml,Skin Care ¥ Moisturiser
Vaseline Petro Jelly 250ml,Skin Care ¥ Moisturiser
VASELINE PETRO JELLY 50ML,Skin Care ¥ Moisturiser
VASELINE Vaseline Aloe Soothe Lotion 400ml,Skin Care ¥ Moisturiser
Vaselne Aloe Bdy Lot 200ml,Skin Care ¥ Moisturiser
PERMETHRIN CREAM,Skin Care ¥ Scabies & Lice
Bio Oil 60ml,Skin Care ¥ Scars & Stretch Marks
BiO/Oil Liquid  200ml,Skin Care ¥ Scars & Stretch Marks
Calamine Lotion 200ml,Skin Care ¥ Soothing Lotions
Care+ Aqueous Calamin Cream 100g,Skin Care ¥ Soothing Lotions
GRADUAL TANNING LOTION,Skin Care ¥ Tanning
SKIN DEEP SELF TANNING WIPES 20 PACK,Skin Care ¥ Tanning
ALMUS sleep aid tablets 50mg  20,Sleep Aid
LUNOX sleep aid tablets 50mg  20,Sleep Aid
Night Time Sleep Aid 25mg 20 Tabs,Sleep Aid
NIGHTTIME DUMMIES GLOW IN DARK,Sleep Aid
Nytol Herbal Oan 21 Tabs,Sleep Aid
NYTOL ONE A NGT 20 TABLETS,Sleep Aid
Nytol Orginal 25mg 20s,Sleep Aid
Ors,Sleep Aid
Ors Blackcurrant,Sleep Aid
Nicorette 15mg Inhalator,Smoking Cessation
NICORETTE chewing gum freshmint 2mg  30,Smoking Cessation
NICORETTE chewing gum icy white 2mg  210,Smoking Cessation
NICORETTE lozenges mint 2mg  40,Smoking Cessation
NICORETTE lozenges mint 4mg  80,Smoking Cessation
Nicorette Quickmist 1mg,Smoking Cessation
Niquitin Clear 14mg Patch,Smoking Cessation
Niquitin Clear Patches,Smoking Cessation
Bach Rescue Remedy Ngt Drop 10ml,Stress & Sleep Aids
Bach Rescue Remedy Spray 20ml,Stress & Sleep Aids
KALMS DAY,Stress & Sleep Aids
KALMS NIGHT herbal sedative tablets  56,Stress & Sleep Aids
Calypso After Sun Aloe Gel,Sun Care ¥ After Sun
CALYPSO after sun moisturising lotion with insect repellent 500ml ,Sun Care ¥ After Sun
Nivea After Sun 200ml,Sun Care ¥ After Sun
CALYPSO kids sun lotion coloured roll on spf50 50ml,Sun Care ¥ Kids
Calypso Kids Sun Lotion Spf 50,Sun Care ¥ Kids
Rieman P20 Spf30 Lotion,Sun Care ¥ Long-Lasting Protection
CALYPSO sun protection scalp protector SPF30 50ml,Sun Care ¥ Scalp Protection
Calypso 50 High 150ml,Sun Care ¥ SPF Lotion
CALYPSO sun protection continuous spray spf30 175ml,Sun Care ¥ SPF Spray
MINERAL SUN STICK,Sun Care ¥ SPF Stick
CALYPSO tanning deep tanning oil monoi tahiti SPF15 200ml,Sun Care ¥ Tanning Oil
CALYPSO travel pack sun lotion SPF15 & 20 after sun 100ml 3,Sun Care ¥ Travel Pack
Menopace Tabs,Supplements 
TURMERIC 1000MG & VIT D,Supplements ¥ Anti-inflammatory
ULTRA herbal tablets turmeric  60,Supplements ¥ Anti-inflammatory
ULTRA minerals tablets magnesium 375mg  60,Supplements ¥ Anti-inflammatory
NEUROMIND plus tablets & capsules  28+28,Supplements ¥ Brain Health
Na Garlic Pearls 90s,Supplements ¥ Cholestoral
Na CO/Enz Q10 30mg 30s,Supplements ¥ Coenzyme Q10
VITAL PROTEINS COLLAGEN PEPTIDES,Supplements ¥ Collagen
VITAL PROTEINS COLLAGEN PEPTIDES 284G,Supplements ¥ Collagen
PREGNACARE CONCEPTION him & her tablets  60,Supplements ¥ Fertility
Valupak Garlic 30s Tabs,Supplements ¥ Heart Health
Magnesium & Vitamin B6 Tablets,Supplements ¥ Magnesium
MAGNESIUM MENOPAUSE,Supplements ¥ Magnesium
Magnesium Paste,Supplements ¥ Magnesium
Valupak Magnesium 187.5mg 30,Supplements ¥ Magnesium
COD LIVER OIL ,Supplements ¥ Omega 3
DIABETONE PLUS,Supplements ¥ Omega 3
DIABETONE tablets  30,Supplements ¥ Omega 3
DIABLO SUGAR FREE GUMMY DROPS,Supplements ¥ Omega 3
FISH OIL CONCENTRATE 1000MG 60 SOFTGELS,Supplements ¥ Omega 3
Na Fish Oil 1000mg 90s,Supplements ¥ Omega 3
SEVEN SEAS pure cod liver oil range liquid 150ml,Supplements ¥ Omega 3
SEVEN SEAS pure cod liver oil range traditional liquid 450ml,Supplements ¥ Omega 3
Valupak Clo Caps 1000mg 30 Capsules 1000mg  1000mg,Supplements ¥ Omega 3
Valupak Omega 3 Fish Oiul Caps 90S,Supplements ¥ Omega 3
Na Eve Primrose Oil 1000mg 90s,Supplements ¥ Omega 6
PREGNACARE new mum tablets  56,Supplements ¥ Postnatal
Vitabiotics Pregnacare B/feed,Supplements ¥ Postnatal
VALUPAK PREGNANCY 30 TABLETS,Supplements ¥ Pregnancy
Na Cranberry 5000mg 30s,Supplements ¥ Urinary Health
BREWERS YEAST WITH VITAMIN B12,Supplements ¥ Vitamin B Complex
KEDLEY ANKLE SUPPORT ,Supports & Braces
KEDLEY ANKLE SUPPORT L,Supports & Braces
KEDLEY ANKLE SUPPORT M,Supports & Braces
KEDLEY BACK SUPPORT ,Supports & Braces
KEDLEY ELBOW SUPPORT,Supports & Braces
KEDLEY FABRIC ARM POUCH,Supports & Braces
KEDLEY FABRIC ARM POUCH M/L,Supports & Braces
KEDLEY FOAM ARM SLING,Supports & Braces
KEDLEY HAND SUPPORT,Supports & Braces
KEDLEY KINESIOLOGY TAPE,Supports & Braces
KEDLEY KNEE SUPPORT ,Supports & Braces
KEDLEY KNEE SUPPORT L,Supports & Braces
KEDLEY KNEE SUPPORT M,Supports & Braces
KEDLEY KNEE SUPPORT S,Supports & Braces
KEDLEY KNEE SUPPORT XL,Supports & Braces
KEDLEY PLANTAR FASCIA SLEEVES MEDIUM,Supports & Braces
KEDLEY SOFT NECK COLLAR,Supports & Braces
KEDLEY TENNIS ELBOW,Supports & Braces
Kedley Thumb Brace,Supports & Braces
KNEE STABILZER,Supports & Braces
WRIST & THUMB SPLINT RIGHT,Supports & Braces
WRIST SPLINT,Supports & Braces
Wrist Support With Metal Support,Supports & Braces
CANDEREL TABS,Sweeteners
EMLA 5% CREAM,Topical Anaesthetic
Maloff Protect Tabs 24s,Travel Health ¥ Malaria Prevention
Kids Travel Bands,Travel Sickness Relief
KWELLS 12 TABLETS,Travel Sickness Relief
KWELLS KIDS,Travel Sickness Relief
MOTION SICKNESS BANDS,Travel Sickness Relief
STUGERON 15 TABS,Travel Sickness Relief
Betteryou Boost B12,Vitamin B12 Supplements
COLEKAL D3,Vitamin D Supplements
NUTRIO BURST ULTRA VITAMIN D3 1000IU,Vitamin D Supplements
SUNVIT/D3 vitamin D3 capsules 1000iu  28,Vitamin D Supplements
Valupak Vit D3 1000iu 60s,Vitamin D Supplements
Valupak Vit E 100iu 30 Caps,Vitamin D Supplements
Abidec Drops 25ml,Vitamin Drops
D/PEARLS 800IU,Vitamin Drops
FOLIC ACID 400UG,Vitamin Supplements
Valupak Calcium & Vit D 400mg 30s,Vitamin Supplements
Valupak Chewable Vit C  500mg,Vitamin Supplements
Valupak Effervescent Vit C,Vitamin Supplements
VALUPAK FOLIC ACID 90S,Vitamin Supplements
VALUPAK PLUS vitamin E vitamin E 400iu  30,Vitamin Supplements
Valupak Vit B6 60s,Vitamin Supplements
VALUPAK vitamins effervescent tablets one/a/day vitamin B+C  20,Vitamin Supplements
Valupak Zinc 10mg 60,Vitamin Supplements
VITAMIN B12 100UG,Vitamin Supplements
VITAMIN B12 10UG,Vitamin Supplements
VITAMIN C 1000MG,Vitamin Supplements
Bazuka Extra Gel 6g,Wart & Verruca Treatment
Bazuka Gel Extra Strength,Wart & Verruca Treatment
Bazuka Treatment Gel 4% W/w/12% W/w 6g,Wart & Verruca Treatment
Bazuka Treatment Gel 6g,Wart & Verruca Treatment
Salactol Paint 15ml,Wart & Verruca Treatment
Scholl Verruca Rem System,Wart & Verruca Treatment
WARTNER cryo freeze 14ml,Wart & Verruca Treatment
MELBOURNE SPRING WATER,Water
VOLVIC,Water
AEROBURN burn gel sachet 3.5g 1,Wound Care / Burn Treatment
STERILE NON STICK WOUND PAD,Wound Care / Dressing
SURGICAL TAPE,Wound Care / Dressing
WATER RESISTANT PLASTERS 40,Wound Care / Dressing
AEROFILMPLUS waterproof island dressing 4cm x 5cm 3,Wound Care / Dressings
AEROFILMPLUS waterproof island dressing 6cm x 7cm 3,Wound Care / Dressings
AEROFILMPLUS waterproof island dressing 9cm x 10cm 3,Wound Care / Dressings
AEROFIX non/woven island dressing 10cm x 15cm 3,Wound Care / Dressings
AEROPAD low adherent pad 10cm x 10cm 3,Wound Care / Dressings
AEROPAD low adherent pad 5cm x 5cm 5,Wound Care / Dressings
AEROPLAST butterfly wound closures 10mm x 45mm 10,Wound Care / Dressings
AEROPLAST transparent standard strip  50,Wound Care / Dressings
ALVITA surgical dressings crepe bandage cotton BP 10cm x 4.5m,Wound Care / Dressings
ALVITA surgical dressings crepe bandage cotton BP 7.5cm x 4.5m,Wound Care / Dressings
Assorted Knuckle Plasters,Wound Care / Dressings
BluE/Detectable Plasters,Wound Care / Dressings
Cohesive Bandage 7.5cmx4.5m,Wound Care / Dressings
ELASTOPLAST 10 PLASTERS,Wound Care / Dressings
ELASTOPLAST dressings sensitive xl 6cm x 7cm 5,Wound Care / Dressings
ELASTOPLAST plasters water resistant  20,Wound Care / Dressings
Elastoplast Roll Plaster,Wound Care / Dressings
Elastoplast Water Resis 10s,Wound Care / Dressings
Elastoplast Wound Spray,Wound Care / Dressings
Eplast Fab/wsh/proof18s,Wound Care / Dressings
Eplast Fabric Assort Strips 40,Wound Care / Dressings
Eplast Fabric Plasters 10,Wound Care / Dressings
Eplast Finger Strips 16s,Wound Care / Dressings
EXTRA LARGE  FABRC PLASTER,Wound Care / Dressings
FABRIC 1M BY 6CM,Wound Care / Dressings
FABRIC PLASTERS,Wound Care / Dressings
Germolene Wound Care Crm 30g,Wound Care / Dressings
MELOLIN 5CMX5CM,Wound Care / Dressings
MELOLIN ADHESIVE dressing consumer/OTC pack  10cm x 8cm 5,Wound Care / Dressings
MELOLIN ADHESIVE low/adhesive absorbent dressing pads consumer/OTC pack  8.3cm x 6cm 5,Wound Care / Dressings
Melolin Dressing Pads 10x10cm,Wound Care / Dressings
Melolin Single 10x10,Wound Care / Dressings
MEPORE 11X15,Wound Care / Dressings
Mepore Dressing 7x8cm,Wound Care / Dressings
MEPORE DRESSING 9X20CM/3.6X8IN,Wound Care / Dressings
Numark Dress Strip 6cmx1m Fabric,Wound Care / Dressings
NUMARK first aid plasters assorted fabric  24,Wound Care / Dressings
Numark Melolin Pfa Dressing 20x10,Wound Care / Dressings
SAFE & SOUND eye pad Adhesive,Wound Care / Dressings
SAFE & SOUND first aid bandages & dressings absorbent lint 25g,Wound Care / Dressings
SAFE & SOUND first aid bandages & dressings finger cots latex,Wound Care / Dressings
SAFE SOUND SELF ADHESIVE BANDAGE,Wound Care / Dressings
SAFE&SOUND STER ADHESIVE WATERPROOF,Wound Care / Dressings
ZETUVIT 10CMX10CM,Wound Care / Dressings
ZETUVIT 10CMX20CM,Wound Care / Dressings
ZETUVIT 20CMX20CM,Wound Care / Dressings
PEPPA PIG PLASTERS,Wound Care / Dressings ¥ Children†s
SAVLON wound cleansing wipe sachets  10,Wound Care ¥ Cleansing
SKIN CLOSURE STRIPS,Wound Care ¥ Closure
STERISTRIP,Wound Care ¥ Closure
MEDIHONEY,Wound Care ¥ Healing Cream
MEDIHONEY DERMA CREAM,Wound Care ¥ Healing Cream
Savlon Advan Healing Gel 50g,Wound Care ¥ Healing Gel
Aviva,#N/A
CUCUMBER & AVOCADO,#N/A
FLANNELS,#N/A
Fresh Step Shoe Spray,Shoe Care
PAPER MINTS,Confectionary ¥ Gum
STITCH BASEBALL CAP,Accessories
Sweetex Tabs 300s,Sweeteners
THE BODY DOCTOR eyelid wipes 0.9%,Eye Care ¥ Dry Eye Relief
X/BRELLA,Accessories
,#N/A
,#N/A
,#N/A
,#N/A
,#N/A
,#N/A
,#N/A
,#N/A
,#N/A
,#N/A
,#N/A
,#N/A
,#N/A
,#N/A
,#N/A
,#N/A
,#N/A
,#N/A
,#N/A
,#N/A
,#N/A
,#N/A
,#N/A
,#N/A
,#N/A
,#N/A
,#N/A
,#N/A
,#N/A
,#N/A
,#N/A
,#N/A
,#N/A
,#N/A
,#N/A
,#N/A
,#N/A
,#N/A
,#N/A
,#N/A
,#N/A
,#N/A
,#N/A
,#N/A
,#N/A
,#N/A
,#N/A
,#N/A
,#N/A
,#N/A
,#N/A
,#N/A
,#N/A
,#N/A
,#N/A
,#N/A
,#N/A
,#N/A
,#N/A
,#N/A
,#N/A
,#N/A
,#N/A
,#N/A
,#N/A
,#N/A
,#N/A
,#N/A
,#N/A
,#N/A
,#N/A
,#N/A
,#N/A
,#N/A
,#N/A
,#N/A
,#N/A
,#N/A
,#N/A
,#N/A
,#N/A
,#N/A
,#N/A
,#N/A
,#N/A
,#N/A
,#N/A
,#N/A
,#N/A
,#N/A
,#N/A
,#N/A
,#N/A
,#N/A
,#N/A
,#N/A
,#N/A
,#N/A
,#N/A
,#N/A
,#N/A
,#N/A
,#N/A
,#N/A
,#N/A
,#N/A
,#N/A
,#N/A
,#N/A
,#N/A
,#N/A
,#N/A
,#N/A
,#N/A
,#N/A
,#N/A
,#N/A
,#N/A
,#N/A
,#N/A
,#N/A
,#N/A
,#N/A
,#N/A
,#N/A
,#N/A
,#N/A
,#N/A
,#N/A
,#N/A
,#N/A
,#N/A
,#N/A
,#N/A
,#N/A
,#N/A
,#N/A
,#N/A
,#N/A
,#N/A
,#N/A
,#N/A
,#N/A
,#N/A
,#N/A
,#N/A
,#N/A
,#N/A
,#N/A
,#N/A
,#N/A
,#N/A
,#N/A
,#N/A
,#N/A
,#N/A
,#N/A
,#N/A
,#N/A
,#N/A
,#N/A
,#N/A
,#N/A
,#N/A
,#N/A
,#N/A
,#N/A
,#N/A
,#N/A
,#N/A
,#N/A
,#N/A
,#N/A
,#N/A
,#N/A
,#N/A
,#N/A
,#N/A
,#N/A
,#N/A
,#N/A
,#N/A
,#N/A
,#N/A
,#N/A
,#N/A
,#N/A
,#N/A
,#N/A
,#N/A
,#N/A
,#N/A
,#N/A
,#N/A
,#N/A
,#N/A
,#N/A
,#N/A
,#N/A
,#N/A
,#N/A
,#N/A
,#N/A
,#N/A
,#N/A
,#N/A
,#N/A
,#N/A
,#N/A
,#N/A
,#N/A
,#N/A
,#N/A
,#N/A
,#N/A
,#N/A
,#N/A
,#N/A
,#N/A
,#N/A
,#N/A
,#N/A
,#N/A
,#N/A
,#N/A
,#N/A
,#N/A
,#N/A
,#N/A
,#N/A
,#N/A
,#N/A
,#N/A
,#N/A
,#N/A
,#N/A
,#N/A
,#N/A
,#N/A
,#N/A
,#N/A
,#N/A
,#N/A
,#N/A
,#N/A
,#N/A
,#N/A
,#N/A
,#N/A
,#N/A
,#N/A
,#N/A
,#N/A
,#N/A
,#N/A
,#N/A
,#N/A
,#N/A
,#N/A
,#N/A
,#N/A
,#N/A
,#N/A
,#N/A
,#N/A
,#N/A
,#N/A
,#N/A
,#N/A
,#N/A
,#N/A
,#N/A
,#N/A
,#N/A
,#N/A
,#N/A
,#N/A
,#N/A
,#N/A
,#N/A
,#N/A
,#N/A
,#N/A
,#N/A
,#N/A
,#N/A
,#N/A
,#N/A
,#N/A
,#N/A
,#N/A
,#N/A
,#N/A
,#N/A
,#N/A
,#N/A
,#N/A
,#N/A
,#N/A
,#N/A
,#N/A
,#N/A
,#N/A
,#N/A
,#N/A
,#N/A
,#N/A
,#N/A
,#N/A
,#N/A
,#N/A
,#N/A
,#N/A
,#N/A
,#N/A
,#N/A
,#N/A
,#N/A
,#N/A
,#N/A
,#N/A
,#N/A
,#N/A
,#N/A
,#N/A
,#N/A
,#N/A
,#N/A
,#N/A
,#N/A
,#N/A
,#N/A
,#N/A
,#N/A
,#N/A
,#N/A
,#N/A
,#N/A
,#N/A
,#N/A
,#N/A
,#N/A
,#N/A
,#N/A
,#N/A
,#N/A
,#N/A
,#N/A
,#N/A
,#N/A
,#N/A
,#N/A
,#N/A
,#N/A
,#N/A
,#N/A
,#N/A
,#N/A
,#N/A
,#N/A
,#N/A
,#N/A
,#N/A
,#N/A
,#N/A
,#N/A
,#N/A
,#N/A
,#N/A
,#N/A
,#N/A
,#N/A
,#N/A
,#N/A
,#N/A
,#N/A
,#N/A
,#N/A
,#N/A
,#N/A
,#N/A
,#N/A
,#N/A
,#N/A
,#N/A
,#N/A
,#N/A
,#N/A
,#N/A
,#N/A
,#N/A
,#N/A
,#N/A
,#N/A
,#N/A
,#N/A
,#N/A
,#N/A
,#N/A
,#N/A
,#N/A
,#N/A
,#N/A
,#N/A
,#N/A
,#N/A
,#N/A
,#N/A
,#N/A
,#N/A
,#N/A
,#N/A
,#N/A
,#N/A
,#N/A
,#N/A
,#N/A
,#N/A
,#N/A
,#N/A
,#N/A
,#N/A
,#N/A
,#N/A
,#N/A
,#N/A
,#N/A
,#N/A
,#N/A
,#N/A
,#N/A
,#N/A
,#N/A
,#N/A
,#N/A
,#N/A
,#N/A
,#N/A
,#N/A
,#N/A
,#N/A
,#N/A
,#N/A
,#N/A
,#N/A
,#N/A
,#N/A
,#N/A
,#N/A
,#N/A
,#N/A
,#N/A
,#N/A
,#N/A
,#N/A
,#N/A
,#N/A
,#N/A
,#N/A
,#N/A
,#N/A
,#N/A
,#N/A
,#N/A
,#N/A
,#N/A
,#N/A
,#N/A
,#N/A
,#N/A
,#N/A
,#N/A
,#N/A
,#N/A
,#N/A
,#N/A
,#N/A
,#N/A
,#N/A
,#N/A
,#N/A
,#N/A
,#N/A
,#N/A
,#N/A
,#N/A
,#N/A
,#N/A
,#N/A
,#N/A
,#N/A
,#N/A
,#N/A
,#N/A
,#N/A
,#N/A
,#N/A
,#N/A
,#N/A
,#N/A
,#N/A
,#N/A
,#N/A
,#N/A
,#N/A
,#N/A
,#N/A
,#N/A
,#N/A
,#N/A
,#N/A
,#N/A
,#N/A
,#N/A
,#N/A
,#N/A
,#N/A
,#N/A
,#N/A
,#N/A
,#N/A
,#N/A
,#N/A
,#N/A
,#N/A
,#N/A
,#N/A
,#N/A
,#N/A
,#N/A
,#N/A
,#N/A
,#N/A
,#N/A
,#N/A
,#N/A
,#N/A
,#N/A
,#N/A
,#N/A
,#N/A
,#N/A
,#N/A
,#N/A
,#N/A
,#N/A
,#N/A
,#N/A
,#N/A
,#N/A
,#N/A
,#N/A
,#N/A
,#N/A
,#N/A
,#N/A
,#N/A
,#N/A
,#N/A
,#N/A
,#N/A
,#N/A
,#N/A
,#N/A
,#N/A
,#N/A
,#N/A
,#N/A
,#N/A
,#N/A
,#N/A
,#N/A
,#N/A
,#N/A
,#N/A
,#N/A
,#N/A
,#N/A
,#N/A
,#N/A
,#N/A
,#N/A
,#N/A
,#N/A
,#N/A
,#N/A
,#N/A
,#N/A
,#N/A
,#N/A
,#N/A
,#N/A
,#N/A
,#N/A
,#N/A
,#N/A
,#N/A
,#N/A
,#N/A
,#N/A
,#N/A
,#N/A
,#N/A
,#N/A
,#N/A
,#N/A
,#N/A
,#N/A
,#N/A
,#N/A
,#N/A
,#N/A
,#N/A
,#N/A
,#N/A
,#N/A
,#N/A
,#N/A
,#N/A
,#N/A
,#N/A
,#N/A
,#N/A
,#N/A
,#N/A
,#N/A
,#N/A
,#N/A
,#N/A
,#N/A
,#N/A
,#N/A
,#N/A
,#N/A
,#N/A
,#N/A
,#N/A
,#N/A
,#N/A
,#N/A
,#N/A
,#N/A
,#N/A
,#N/A
,#N/A
,#N/A
,#N/A
,#N/A
,#N/A
,#N/A
,#N/A
,#N/A
,#N/A
,#N/A
,#N/A
,#N/A
,#N/A
,#N/A
,#N/A
,#N/A
,#N/A
,#N/A
,#N/A
,#N/A
,#N/A
,#N/A
,#N/A
,#N/A
,#N/A
,#N/A
,#N/A
,#N/A
,#N/A
,#N/A
,#N/A
,#N/A
,#N/A
,#N/A
,#N/A
,#N/A
,#N/A
,#N/A
,#N/A
,#N/A
,#N/A
,#N/A
,#N/A
,#N/A
,#N/A
,#N/A
,#N/A
,#N/A
,#N/A
,#N/A
,#N/A
,#N/A
,#N/A
,#N/A
,#N/A
,#N/A
,#N/A
,#N/A
,#N/A
,#N/A
,#N/A
,#N/A
,#N/A
,#N/A
,#N/A
,#N/A
,#N/A
,#N/A
,#N/A
,#N/A
,#N/A
,#N/A
,#N/A
,#N/A
,#N/A
,#N/A
,#N/A
,#N/A
,#N/A
,#N/A
,#N/A
,#N/A
,#N/A
,#N/A
,#N/A
,#N/A
,#N/A
,#N/A
,#N/A
,#N/A
,#N/A
,#N/A
,#N/A
,#N/A
,#N/A
,#N/A
,#N/A
,#N/A
,#N/A
,#N/A
,#N/A
,#N/A
,#N/A
,#N/A
,#N/A
,#N/A
,#N/A
,#N/A
,#N/A
,#N/A
,#N/A
,#N/A
,#N/A
,#N/A
,#N/A
,#N/A
,#N/A
,#N/A
,#N/A
,#N/A
,#N/A
,#N/A
,#N/A
,#N/A
,#N/A
,#N/A
,#N/A
,#N/A
,#N/A
,#N/A
,#N/A
,#N/A
,#N/A
,#N/A
,#N/A
,#N/A
,#N/A
,#N/A
,#N/A
,#N/A
,#N/A
,#N/A
,#N/A
,#N/A
,#N/A
,#N/A
,#N/A
,#N/A
,#N/A
,#N/A
,#N/A
,#N/A
,#N/A
,#N/A
,#N/A
,#N/A
,#N/A
,#N/A
,#N/A
,#N/A
,#N/A
,#N/A
,#N/A
,#N/A
,#N/A
,#N/A
,#N/A
,#N/A
,#N/A
,#N/A
,#N/A
,#N/A
,#N/A
,#N/A
,#N/A
,#N/A
,#N/A
,#N/A
,#N/A
,#N/A
,#N/A
,#N/A
,#N/A
,#N/A
,#N/A
,#N/A
,#N/A
,#N/A
,#N/A
,#N/A
,#N/A
,#N/A
,#N/A
,#N/A
,#N/A
,#N/A
,#N/A
,#N/A
,#N/A
,#N/A
,#N/A
,#N/A
,#N/A
,#N/A
,#N/A
,#N/A
,#N/A
,#N/A
,#N/A
,#N/A
,#N/A
,#N/A
,#N/A
,#N/A
,#N/A
,#N/A
,#N/A
,#N/A
,#N/A
,#N/A
,#N/A
,#N/A
,#N/A
,#N/A
,#N/A
,#N/A
,#N/A
,#N/A
,#N/A
,#N/A
,#N/A
,#N/A
,#N/A
,#N/A
,#N/A
,#N/A
,#N/A
,#N/A
,#N/A
,#N/A
,#N/A
,#N/A
,#N/A
,#N/A
,#N/A
,#N/A
,#N/A
,#N/A
,#N/A
,#N/A
,#N/A
,#N/A
,#N/A
,#N/A
,#N/A
,#N/A
,#N/A
,#N/A
,#N/A
,#N/A
,#N/A
,#N/A
,#N/A
,#N/A
,#N/A
,#N/A
,#N/A
,#N/A
,#N/A
,#N/A
,#N/A
,#N/A
,#N/A
,#N/A
,#N/A
,#N/A
,#N/A
,#N/A
,#N/A
,#N/A
,#N/A
,#N/A
,#N/A
,#N/A
,#N/A
,#N/A
,#N/A
,#N/A
,#N/A
,#N/A
,#N/A
,#N/A
,#N/A
,#N/A
,#N/A
,#N/A
,#N/A
,#N/A
,#N/A
,#N/A
,#N/A
,#N/A
,#N/A
,#N/A
,#N/A
,#N/A
,#N/A
,#N/A
,#N/A
,#N/A
,#N/A
,#N/A
,#N/A
,#N/A
,#N/A
,#N/A
,#N/A
,#N/A
,#N/A
,#N/A
,#N/A
,#N/A
,#N/A
,#N/A
,#N/A
,#N/A
,#N/A
,#N/A
,#N/A
,#N/A
,#N/A
,#N/A
,#N/A
,#N/A
,#N/A
,#N/A
,#N/A
,#N/A
,#N/A
,#N/A
,#N/A
,#N/A
,#N/A
,#N/A
,#N/A
,#N/A
,#N/A
,#N/A
,#N/A
,#N/A
,#N/A
,#N/A
,#N/A
,#N/A
,#N/A
,#N/A
,#N/A
,#N/A
,#N/A
,#N/A
,#N/A
,#N/A
,#N/A
,#N/A
,#N/A
,#N/A
,#N/A
,#N/A
,#N/A
,#N/A
,#N/A
,#N/A
,#N/A
,#N/A
,#N/A
,#N/A
,#N/A
,#N/A
,#N/A
,#N/A
,#N/A
,#N/A
,#N/A
,#N/A
,#N/A
,#N/A
,#N/A
,#N/A
,#N/A
,#N/A
,#N/A
,#N/A
,#N/A
,#N/A
,#N/A
,#N/A
,#N/A
,#N/A
,#N/A
,#N/A
,#N/A
,#N/A
,#N/A
,#N/A
,#N/A
,#N/A
,#N/A
,#N/A
,#N/A
,#N/A
,#N/A
,#N/A
,#N/A
,#N/A
,#N/A
,#N/A
,#N/A
,#N/A
,#N/A
,#N/A
,#N/A
,#N/A
,#N/A
,#N/A
,#N/A
,#N/A
,#N/A
,#N/A
,#N/A
,#N/A
,#N/A
,#N/A
,#N/A
,#N/A
,#N/A
,#N/A
,#N/A
,#N/A
,#N/A
,#N/A
,#N/A
,#N/A
,#N/A
,#N/A
,#N/A
,#N/A
,#N/A
,#N/A
,#N/A
,#N/A
,#N/A
,#N/A
,#N/A
,#N/A
,#N/A
,#N/A
,#N/A
,#N/A
,#N/A
,#N/A
,#N/A
,#N/A
,#N/A
,#N/A
,#N/A
,#N/A
,#N/A
,#N/A
,#N/A
,#N/A
,#N/A
,#N/A
,#N/A
,#N/A
,#N/A
,#N/A
,#N/A
,#N/A
,#N/A
,#N/A
,#N/A
,#N/A
,#N/A
,#N/A
,#N/A
,#N/A
,#N/A
,#N/A
,#N/A
,#N/A
,#N/A
,#N/A
,#N/A
,#N/A
,#N/A
,#N/A
,#N/A
,#N/A
,#N/A
,#N/A
,#N/A
,#N/A
,#N/A
,#N/A
,#N/A
,#N/A
,#N/A
,#N/A
,#N/A
,#N/A
,#N/A
,#N/A
,#N/A
,#N/A
,#N/A
,#N/A
,#N/A
,#N/A
,#N/A
,#N/A
,#N/A
,#N/A
,#N/A
,#N/A
,#N/A
,#N/A
,#N/A
,#N/A
,#N/A
,#N/A
,#N/A
,#N/A
,#N/A
,#N/A
,#N/A
,#N/A
,#N/A
,#N/A
,#N/A
,#N/A
,#N/A
,#N/A
,#N/A
,#N/A
,#N/A
,#N/A
,#N/A
,#N/A
,#N/A
,#N/A
,#N/A
,#N/A
,#N/A
,#N/A
,#N/A
,#N/A
,#N/A
,#N/A
,#N/A
,#N/A
,#N/A
,#N/A
,#N/A
,#N/A
,#N/A
,#N/A
,#N/A
,#N/A
,#N/A
,#N/A
,#N/A
,#N/A
,#N/A
,#N/A
,#N/A
,#N/A
,#N/A
,#N/A
,#N/A
,#N/A
,#N/A
,#N/A
,#N/A
,#N/A
,#N/A
,#N/A
,#N/A
,#N/A
,#N/A
,#N/A
,#N/A
,#N/A
,#N/A
,#N/A
,#N/A
,#N/A
,#N/A
,#N/A
,#N/A
,#N/A
,#N/A
,#N/A
,#N/A
,#N/A
,#N/A
,#N/A
,#N/A
,#N/A
,#N/A
,#N/A
,#N/A
,#N/A
,#N/A
,#N/A
,#N/A
,#N/A
,#N/A
,#N/A
,#N/A
,#N/A
,#N/A
,#N/A
,#N/A
,#N/A
,#N/A
,#N/A
,#N/A
,#N/A
,#N/A
,#N/A
,#N/A
,#N/A
,#N/A
,#N/A
,#N/A
,#N/A
,#N/A
,#N/A
,#N/A
,#N/A
,#N/A
,#N/A
,#N/A
,#N/A
,#N/A
,#N/A
,#N/A
,#N/A
,#N/A
,#N/A
,#N/A
,#N/A
,#N/A
,#N/A
,#N/A
,#N/A
,#N/A
,#N/A
,#N/A
,#N/A
,#N/A
,#N/A
,#N/A
,#N/A
,#N/A
,#N/A
,#N/A
,#N/A
,#N/A
,#N/A
,#N/A
,#N/A
,#N/A
,#N/A
,#N/A
,#N/A
,#N/A
,#N/A
,#N/A
,#N/A
,#N/A
,#N/A
,#N/A
,#N/A
,#N/A
,#N/A
,#N/A
,#N/A
,#N/A
,#N/A
,#N/A
,#N/A
,#N/A
,#N/A
,#N/A
,#N/A
,#N/A
,#N/A
,#N/A
,#N/A
,#N/A
,#N/A
,#N/A
,#N/A
,#N/A
,#N/A
,#N/A
,#N/A
,#N/A
,#N/A
,#N/A
,#N/A
,#N/A
,#N/A
,#N/A
,#N/A
,#N/A
,#N/A
,#N/A
,#N/A
,#N/A
,#N/A
,#N/A
,#N/A
,#N/A
,#N/A
,#N/A
,#N/A
,#N/A
,#N/A
,#N/A
,#N/A
,#N/A
,#N/A
,#N/A
,#N/A
,#N/A
,#N/A
,#N/A
,#N/A
,#N/A
,#N/A
,#N/A
,#N/A
,#N/A
,#N/A
,#N/A
,#N/A
,#N/A
,#N/A
,#N/A
,#N/A
,#N/A
,#N/A
,#N/A
,#N/A
,#N/A
,#N/A
,#N/A
,#N/A
,#N/A
,#N/A
,#N/A
,#N/A
,#N/A
,#N/A
,#N/A
,#N/A
,#N/A
,#N/A
,#N/A
,#N/A
,#N/A
,#N/A
,#N/A
,#N/A
,#N/A
,#N/A
,#N/A
,#N/A
,#N/A
,#N/A
,#N/A
,#N/A
,#N/A
,#N/A
,#N/A
,#N/A
,#N/A
,#N/A
,#N/A
,#N/A
,#N/A
,#N/A
,#N/A
,#N/A
,#N/A
,#N/A
,#N/A
,#N/A
,#N/A
,#N/A
,#N/A
,#N/A
,#N/A
,#N/A
,#N/A
,#N/A
,#N/A
,#N/A
,#N/A
,#N/A
,#N/A
,#N/A
,#N/A
,#N/A
,#N/A
,#N/A
,#N/A
,#N/A
,#N/A
,#N/A
,#N/A
,#N/A
,#N/A
,#N/A
,#N/A
,#N/A
,#N/A
,#N/A
,#N/A
,#N/A
,#N/A
,#N/A
,#N/A
,#N/A
,#N/A
,#N/A
,#N/A
,#N/A
,#N/A
,#N/A
,#N/A
,#N/A
,#N/A
,#N/A
,#N/A
,#N/A
,#N/A
,#N/A
,#N/A
,#N/A
,#N/A
,#N/A
,#N/A
,#N/A
,#N/A
,#N/A
,#N/A
,#N/A
,#N/A
,#N/A
,#N/A
,#N/A
,#N/A
,#N/A
,#N/A
,#N/A
,#N/A
,#N/A
,#N/A
,#N/A
,#N/A
,#N/A
,#N/A
,#N/A
,#N/A
,#N/A
,#N/A
,#N/A
,#N/A
,#N/A
,#N/A
,#N/A
,#N/A
,#N/A
,#N/A
,#N/A
,#N/A
,#N/A
,#N/A
,#N/A
,#N/A
,#N/A
,#N/A
,#N/A
,#N/A
,#N/A
,#N/A
,#N/A
,#N/A
,#N/A
,#N/A
,#N/A
,#N/A
,#N/A
,#N/A
,#N/A
,#N/A
,#N/A
,#N/A
,#N/A
,#N/A
,#N/A
,#N/A
,#N/A
,#N/A
,#N/A
,#N/A
,#N/A
,#N/A
,#N/A
,#N/A
,#N/A
,#N/A
,#N/A
,#N/A
,#N/A
,#N/A
,#N/A
,#N/A
,#N/A
,#N/A
,#N/A
,#N/A
,#N/A
,#N/A
,#N/A
,#N/A
,#N/A
,#N/A
,#N/A
,#N/A
,#N/A
,#N/A
,#N/A
,#N/A
,#N/A
,#N/A
,#N/A
,#N/A
,#N/A
,#N/A
,#N/A
,#N/A
,#N/A
,#N/A
,#N/A
,#N/A
,#N/A
,#N/A
,#N/A
,#N/A
,#N/A
,#N/A
,#N/A
,#N/A
,#N/A
,#N/A
,#N/A
,#N/A
,#N/A
,#N/A
,#N/A
,#N/A
,#N/A
,#N/A
,#N/A
,#N/A
,#N/A
,#N/A
,#N/A
,#N/A
,#N/A
,#N/A
,#N/A
,#N/A
,#N/A
,#N/A
,#N/A
,#N/A
,#N/A
,#N/A
,#N/A
,#N/A
,#N/A
,#N/A
,#N/A
,#N/A
,#N/A
,#N/A
,#N/A
,#N/A
,#N/A
,#N/A
,#N/A
,#N/A
,#N/A
,#N/A
,#N/A
,#N/A
,#N/A
,#N/A
,#N/A
,#N/A
,#N/A
,#N/A
,#N/A
,#N/A
,#N/A
,#N/A
,#N/A
,#N/A
,#N/A
,#N/A
,#N/A
,#N/A
,#N/A
,#N/A
,#N/A
,#N/A
,#N/A
,#N/A
,#N/A
,#N/A
,#N/A
,#N/A
,#N/A
,#N/A
,#N/A
,#N/A
,#N/A
,#N/A
,#N/A
,#N/A
,#N/A
,#N/A
,#N/A
,#N/A
,#N/A
,#N/A
,#N/A
,#N/A
,#N/A
,#N/A
,#N/A
,#N/A
,#N/A
,#N/A
,#N/A
,#N/A
,#N/A
,#N/A
,#N/A
,#N/A
,#N/A
,#N/A
,#N/A
,#N/A
,#N/A
,#N/A
,#N/A
,#N/A
,#N/A
,#N/A
,#N/A
,#N/A
,#N/A
,#N/A
,#N/A
,#N/A
,#N/A
,#N/A
,#N/A
,#N/A
,#N/A
,#N/A
,#N/A
,#N/A
,#N/A
,#N/A
,#N/A
,#N/A
,#N/A
,#N/A
,#N/A
,#N/A
,#N/A
,#N/A
,#N/A
,#N/A
,#N/A
,#N/A
,#N/A
,#N/A
,#N/A
,#N/A
,#N/A
,#N/A
,#N/A
,#N/A
,#N/A
,#N/A
,#N/A
,#N/A
,#N/A
,#N/A
,#N/A
,#N/A
,#N/A
,#N/A
,#N/A
,#N/A
,#N/A
,#N/A
,#N/A
,#N/A
,#N/A
,#N/A
,#N/A
,#N/A
,#N/A
,#N/A
,#N/A
,#N/A
,#N/A
,#N/A
,#N/A
,#N/A
,#N/A
,#N/A
,#N/A
,#N/A
,#N/A
,#N/A
,#N/A
,#N/A
,#N/A
,#N/A
,#N/A
,#N/A
,#N/A
,#N/A
,#N/A
,#N/A
,#N/A
,#N/A
,#N/A
,#N/A
,#N/A
,#N/A
,#N/A
,#N/A
,#N/A
,#N/A
,#N/A
,#N/A
,#N/A
,#N/A
,#N/A
,#N/A
,#N/A
,#N/A
,#N/A
,#N/A
,#N/A
,#N/A
,#N/A
,#N/A
,#N/A
,#N/A
,#N/A
,#N/A
,#N/A
,#N/A
,#N/A
,#N/A
,#N/A
,#N/A
,#N/A
,#N/A
,#N/A
,#N/A
,#N/A
,#N/A
,#N/A
,#N/A
,#N/A
,#N/A
,#N/A
,#N/A
,#N/A
,#N/A
,#N/A
,#N/A
,#N/A
,#N/A
,#N/A
,#N/A
,#N/A
,#N/A
,#N/A
,#N/A
,#N/A
,#N/A
,#N/A
,#N/A
,#N/A
,#N/A
,#N/A
,#N/A
,#N/A
,#N/A
,#N/A
,#N/A
,#N/A
,#N/A
,#N/A
,#N/A
,#N/A
,#N/A
,#N/A
,#N/A
,#N/A
,#N/A
,#N/A
,#N/A
,#N/A
,#N/A
,#N/A
,#N/A
,#N/A
,#N/A
,#N/A
,#N/A
,#N/A
,#N/A
,#N/A
,#N/A
,#N/A
,#N/A
,#N/A
,#N/A
,#N/A
,#N/A
,#N/A
,#N/A
,#N/A
,#N/A
,#N/A
,#N/A
,#N/A
,#N/A
,#N/A
,#N/A
,#N/A
,#N/A
,#N/A
,#N/A
,#N/A
,#N/A
,#N/A
,#N/A
,#N/A
,#N/A
,#N/A
,#N/A
,#N/A
,#N/A
,#N/A
,#N/A
,#N/A
,#N/A
,#N/A
,#N/A
,#N/A
,#N/A
,#N/A
,#N/A
,#N/A
,#N/A
,#N/A
,#N/A
,#N/A
,#N/A
,#N/A
,#N/A
,#N/A
,#N/A
,#N/A
,#N/A
,#N/A
,#N/A
,#N/A
,#N/A
,#N/A
,#N/A
,#N/A
,#N/A
,#N/A
,#N/A
,#N/A
,#N/A
,#N/A
,#N/A
,#N/A
,#N/A
,#N/A
,#N/A
,#N/A
,#N/A
,#N/A
,#N/A
,#N/A
,#N/A
,#N/A
,#N/A
,#N/A
,#N/A
,#N/A
,#N/A
,#N/A
,#N/A
,#N/A
,#N/A
,#N/A
,#N/A
,#N/A
,#N/A
,#N/A
,#N/A
,#N/A
,#N/A
,#N/A
,#N/A
,#N/A
,#N/A
,#N/A
,#N/A
,#N/A
,#N/A
,#N/A
,#N/A
,#N/A
,#N/A
,#N/A
,#N/A
,#N/A
,#N/A
,#N/A
,#N/A
,#N/A
,#N/A
,#N/A
,#N/A
,#N/A
,#N/A
,#N/A
,#N/A
,#N/A
,#N/A
,#N/A
,#N/A
,#N/A
,#N/A
,#N/A
,#N/A
,#N/A
,#N/A
,#N/A
,#N/A
,#N/A
,#N/A
,#N/A
,#N/A
,#N/A
,#N/A
,#N/A
,#N/A
,#N/A
,#N/A
,#N/A
,#N/A
,#N/A
,#N/A
,#N/A
,#N/A
,#N/A
,#N/A
,#N/A
,#N/A
,#N/A
,#N/A
,#N/A
,#N/A
,#N/A
,#N/A
,#N/A
,#N/A
,#N/A
,#N/A
,#N/A
,#N/A
,#N/A
,#N/A
,#N/A
,#N/A
,#N/A
,#N/A
,#N/A
,#N/A
,#N/A
,#N/A
,#N/A
,#N/A
,#N/A
,#N/A
,#N/A
,#N/A
,#N/A
,#N/A
,#N/A
,#N/A
,#N/A
,#N/A
,#N/A
,#N/A
,#N/A
,#N/A
,#N/A
,#N/A
,#N/A
,#N/A
,#N/A
,#N/A
,#N/A
,#N/A
,#N/A
,#N/A
,#N/A
,#N/A
,#N/A
,#N/A
,#N/A
,#N/A
,#N/A
,#N/A
,#N/A
,#N/A
,#N/A
,#N/A
,#N/A
,#N/A
,#N/A
,#N/A
,#N/A
,#N/A
,#N/A
,#N/A
,#N/A
,#N/A
,#N/A
,#N/A
,#N/A
,#N/A
,#N/A
,#N/A
,#N/A
,#N/A
,#N/A
,#N/A
,#N/A
,#N/A
,#N/A
,#N/A
,#N/A
,#N/A
,#N/A
,#N/A
,#N/A
,#N/A
,#N/A
,#N/A
,#N/A
,#N/A
,#N/A
,#N/A
,#N/A
,#N/A
,#N/A
,#N/A
,#N/A
,#N/A
,#N/A
,#N/A
,#N/A
,#N/A
,#N/A
,#N/A
,#N/A
,#N/A
,#N/A
,#N/A
,#N/A
,#N/A
,#N/A
,#N/A
,#N/A
,#N/A
,#N/A
,#N/A
,#N/A
,#N/A
,#N/A
,#N/A
,#N/A
,#N/A
,#N/A
,#N/A
,#N/A
,#N/A
,#N/A
,#N/A
,#N/A
,#N/A
,#N/A
,#N/A
,#N/A
,#N/A
,#N/A
,#N/A
,#N/A
,#N/A
,#N/A
,#N/A
,#N/A
,#N/A
,#N/A
,#N/A
,#N/A
,#N/A
,#N/A
,#N/A
,#N/A
,#N/A
,#N/A
,#N/A
,#N/A
,#N/A
,#N/A
,#N/A
,#N/A
,#N/A
,#N/A
,#N/A
,#N/A
,#N/A
,#N/A
,#N/A
,#N/A
,#N/A
,#N/A
,#N/A
,#N/A
,#N/A
,#N/A
,#N/A
,#N/A
,#N/A
,#N/A
,#N/A
,#N/A
,#N/A
,#N/A
,#N/A
,#N/A
,#N/A
,#N/A
,#N/A
,#N/A
,#N/A
,#N/A
,#N/A
,#N/A
,#N/A
,#N/A
,#N/A
,#N/A
,#N/A
,#N/A
,#N/A
,#N/A
,#N/A
,#N/A
,#N/A
,#N/A
,#N/A
,#N/A
,#N/A
,#N/A
,#N/A
,#N/A
,#N/A
,#N/A
,#N/A
,#N/A
,#N/A
,#N/A
,#N/A
,#N/A
,#N/A
,#N/A
,#N/A
,#N/A
,#N/A
,#N/A
,#N/A
,#N/A
,#N/A
,#N/A
,#N/A
,#N/A
,#N/A
,#N/A
,#N/A
,#N/A
,#N/A
,#N/A
,#N/A
,#N/A
,#N/A
,#N/A
,#N/A
,#N/A
,#N/A
,#N/A
,#N/A
,#N/A
,#N/A
,#N/A
,#N/A
,#N/A
,#N/A
,#N/A
,#N/A
,#N/A
,#N/A
,#N/A
,#N/A
,#N/A
,#N/A
,#N/A
,#N/A
,#N/A
,#N/A
,#N/A
,#N/A
,#N/A
,#N/A
,#N/A
,#N/A
,#N/A
,#N/A
,#N/A
,#N/A
,#N/A
,#N/A
,#N/A
,#N/A
,#N/A
,#N/A
,#N/A
,#N/A
,#N/A
,#N/A
,#N/A
,#N/A
,#N/A
,#N/A
,#N/A
,#N/A
,#N/A
,#N/A
,#N/A
,#N/A
,#N/A
,#N/A
,#N/A
,#N/A
,#N/A
,#N/A
,#N/A
,#N/A
,#N/A
,#N/A
,#N/A
,#N/A
,#N/A
,#N/A
,#N/A
,#N/A
,#N/A
,#N/A
,#N/A
,#N/A
,#N/A
,#N/A
,#N/A
,#N/A
,#N/A
,#N/A
,#N/A
,#N/A
,#N/A
,#N/A
,#N/A
,#N/A
,#N/A
,#N/A
,#N/A
,#N/A
,#N/A
,#N/A
,#N/A
,#N/A
,#N/A
,#N/A
,#N/A
,#N/A
,#N/A
,#N/A
,#N/A
,#N/A
,#N/A
,#N/A
,#N/A
,#N/A
,#N/A
,#N/A
,#N/A
,#N/A
,#N/A
,#N/A
,#N/A
,#N/A
,#N/A
,#N/A
,#N/A
,#N/A
,#N/A
,#N/A
,#N/A
,#N/A
,#N/A
,#N/A
,#N/A
,#N/A
,#N/A
,#N/A
,#N/A
,#N/A
,#N/A
,#N/A
,#N/A
,#N/A
,#N/A
,#N/A
,#N/A
,#N/A
,#N/A
,#N/A
,#N/A
,#N/A
,#N/A
,#N/A
,#N/A
,#N/A
,#N/A
,#N/A
,#N/A
,#N/A
,#N/A
,#N/A
,#N/A
,#N/A
,#N/A
,#N/A
,#N/A
,#N/A
,#N/A
,#N/A
,#N/A
,#N/A
,#N/A
,#N/A
,#N/A
,#N/A
,#N/A
,#N/A
,#N/A
,#N/A
,#N/A
,#N/A
,#N/A
,#N/A
,#N/A
,#N/A
,#N/A
,#N/A
,#N/A
,#N/A
,#N/A
,#N/A
,#N/A
,#N/A
,#N/A
,#N/A
,#N/A
,#N/A
,#N/A
,#N/A
,#N/A
,#N/A
,#N/A
,#N/A
,#N/A
,#N/A
,#N/A
,#N/A
,#N/A
,#N/A
,#N/A
,#N/A
,#N/A
,#N/A
,#N/A
,#N/A
,#N/A
,#N/A
,#N/A
,#N/A
,#N/A
,#N/A
,#N/A
,#N/A
,#N/A
,#N/A
,#N/A
,#N/A
,#N/A
,#N/A
,#N/A
,#N/A
,#N/A
,#N/A
,#N/A
,#N/A
,#N/A
,#N/A
,#N/A
,#N/A
,#N/A
,#N/A
,#N/A
,#N/A
,#N/A
,#N/A
,#N/A
,#N/A
,#N/A
,#N/A
,#N/A
,#N/A
,#N/A
,#N/A
,#N/A
,#N/A
,#N/A
,#N/A
,#N/A
,#N/A
,#N/A
,#N/A
,#N/A
,#N/A
,#N/A
,#N/A
,#N/A
,#N/A
,#N/A
,#N/A
,#N/A
,#N/A
,#N/A
,#N/A
,#N/A
,#N/A
,#N/A
,#N/A
,#N/A
,#N/A
,#N/A
,#N/A
,#N/A
,#N/A
,#N/A
,#N/A
,#N/A
,#N/A
,#N/A
,#N/A
,#N/A
,#N/A
,#N/A
,#N/A
,#N/A
,#N/A
,#N/A
,#N/A
,#N/A
,#N/A
,#N/A
,#N/A
,#N/A
,#N/A
,#N/A
,#N/A
,#N/A
,#N/A
,#N/A
,#N/A
,#N/A
,#N/A
,#N/A
,#N/A
,#N/A
,#N/A
,#N/A
,#N/A
,#N/A
,#N/A
,#N/A
,#N/A
,#N/A
,#N/A
,#N/A
,#N/A
,#N/A
,#N/A
,#N/A
,#N/A
,#N/A
,#N/A
,#N/A
,#N/A
,#N/A
,#N/A
,#N/A
,#N/A
,#N/A
,#N/A
,#N/A
,#N/A
,#N/A
,#N/A
,#N/A
,#N/A
,#N/A
,#N/A
,#N/A
,#N/A
,#N/A
,#N/A
,#N/A
,#N/A
,#N/A
,#N/A
,#N/A
,#N/A
,#N/A
,#N/A
,#N/A
,#N/A
,#N/A
,#N/A
,#N/A
,#N/A
,#N/A
,#N/A
,#N/A
,#N/A
,#N/A
,#N/A
,#N/A
,#N/A
,#N/A
,#N/A
,#N/A
,#N/A
,#N/A
,#N/A
,#N/A
,#N/A
,#N/A
,#N/A
,#N/A
,#N/A
,#N/A
,#N/A
,#N/A
,#N/A
,#N/A
,#N/A
,#N/A
,#N/A
,#N/A
,#N/A
,#N/A
,#N/A
,#N/A
,#N/A
,#N/A
,#N/A
,#N/A
,#N/A
,#N/A
,#N/A
,#N/A
,#N/A
,#N/A
,#N/A
,#N/A
,#N/A
,#N/A
,#N/A
,#N/A
,#N/A
,#N/A
,#N/A
,#N/A
,#N/A
,#N/A
,#N/A
,#N/A
,#N/A
,#N/A
,#N/A
,#N/A
,#N/A
,#N/A
,#N/A
,#N/A
,#N/A
,#N/A
,#N/A
,#N/A
,#N/A
,#N/A
,#N/A
,#N/A
,#N/A
,#N/A
,#N/A
,#N/A
,#N/A
,#N/A
,#N/A
,#N/A
,#N/A
,#N/A
,#N/A
,#N/A
,#N/A
,#N/A
,#N/A
,#N/A
,#N/A
,#N/A
,#N/A
,#N/A
,#N/A
,#N/A
,#N/A
,#N/A
,#N/A
,#N/A
,#N/A
,#N/A
,#N/A
,#N/A
,#N/A
,#N/A
,#N/A
,#N/A
,#N/A
,#N/A
,#N/A
,#N/A
,#N/A
,#N/A
,#N/A
,#N/A
,#N/A
,#N/A
,#N/A
,#N/A
,#N/A
,#N/A
,#N/A
,#N/A
,#N/A
,#N/A
,#N/A
,#N/A
,#N/A
,#N/A
,#N/A
,#N/A
,#N/A
,#N/A
,#N/A
,#N/A
,#N/A
,#N/A
,#N/A
,#N/A
,#N/A
,#N/A
,#N/A
,#N/A
,#N/A
,#N/A
,#N/A
,#N/A
,#N/A
,#N/A
,#N/A
,#N/A
,#N/A
,#N/A
,#N/A
,#N/A
,#N/A
,#N/A
,#N/A
,#N/A
,#N/A
,#N/A
,#N/A
,#N/A
,#N/A
,#N/A
,#N/A
,#N/A
,#N/A
,#N/A
,#N/A
,#N/A
,#N/A
,#N/A
,#N/A
,#N/A
,#N/A
,#N/A
,#N/A
,#N/A
,#N/A
,#N/A
,#N/A
,#N/A
,#N/A
,#N/A
,#N/A
,#N/A
,#N/A
,#N/A
,#N/A
,#N/A
,#N/A
,#N/A
,#N/A
,#N/A
,#N/A
,#N/A
,#N/A
,#N/A
,#N/A
,#N/A
,#N/A
,#N/A
,#N/A
,#N/A
,#N/A
,#N/A
,#N/A
,#N/A
,#N/A
,#N/A
,#N/A
,#N/A
,#N/A
,#N/A
,#N/A
,#N/A
,#N/A
,#N/A
,#N/A
,#N/A
,#N/A
,#N/A
,#N/A
,#N/A
,#N/A
,#N/A
,#N/A
,#N/A
,#N/A
,#N/A
,#N/A
,#N/A
,#N/A
,#N/A
,#N/A
,#N/A
,#N/A
,#N/A
,#N/A
,#N/A
,#N/A
,#N/A
,#N/A
,#N/A
,#N/A
,#N/A
,#N/A
,#N/A
,#N/A
,#N/A
,#N/A
,#N/A
,#N/A
,#N/A
,#N/A
,#N/A
,#N/A
,#N/A
,#N/A
,#N/A
,#N/A
,#N/A
,#N/A
,#N/A
,#N/A
,#N/A
,#N/A
,#N/A
,#N/A
,#N/A
,#N/A
,#N/A
,#N/A
,#N/A
,#N/A
,#N/A
,#N/A
,#N/A
,#N/A
,#N/A
,#N/A
,#N/A
,#N/A
,#N/A
,#N/A
,#N/A
,#N/A
,#N/A
,#N/A
,#N/A
,#N/A
,#N/A
,#N/A
,#N/A
,#N/A
,#N/A
,#N/A
,#N/A
,#N/A
,#N/A
,#N/A
,#N/A
,#N/A
,#N/A
,#N/A
,#N/A
,#N/A
,#N/A
,#N/A
,#N/A
,#N/A
,#N/A
,#N/A
,#N/A
,#N/A
,#N/A
,#N/A
,#N/A
,#N/A
,#N/A
,#N/A
,#N/A
,#N/A
,#N/A
,#N/A
,#N/A
,#N/A
,#N/A
,#N/A
,#N/A
,#N/A
,#N/A
,#N/A
,#N/A
,#N/A
,#N/A
,#N/A
,#N/A
,#N/A
,#N/A
,#N/A
,#N/A
,#N/A
,#N/A
,#N/A
,#N/A
,#N/A
,#N/A
,#N/A
,#N/A
,#N/A
,#N/A
,#N/A
,#N/A
,#N/A
,#N/A
,#N/A
,#N/A
,#N/A
,#N/A
,#N/A
,#N/A
,#N/A
,#N/A
,#N/A
,#N/A
,#N/A
,#N/A
,#N/A
,#N/A
,#N/A
,#N/A
,#N/A
,#N/A
,#N/A
,#N/A
,#N/A
,#N/A
,#N/A
,#N/A
,#N/A
,#N/A
,#N/A
,#N/A
,#N/A
,#N/A
,#N/A
,#N/A
,#N/A
,#N/A
,#N/A
,#N/A
,#N/A
,#N/A
,#N/A
,#N/A
,#N/A
,#N/A
,#N/A
,#N/A
,#N/A
,#N/A
,#N/A
,#N/A
,#N/A
,#N/A
,#N/A
,#N/A
,#N/A
,#N/A
,#N/A
,#N/A
,#N/A
,#N/A
,#N/A
,#N/A
,#N/A
,#N/A
,#N/A
,#N/A
,#N/A
,#N/A
,#N/A
,#N/A
,#N/A
,#N/A
,#N/A
,#N/A
,#N/A
,#N/A
,#N/A
,#N/A
,#N/A
,#N/A
,#N/A
,#N/A
,#N/A
,#N/A
,#N/A
,#N/A
,#N/A
,#N/A
,#N/A
,#N/A
,#N/A
,#N/A
,#N/A
,#N/A
,#N/A
,#N/A
,#N/A
,#N/A
,#N/A
,#N/A
,#N/A
,#N/A
,#N/A
,#N/A
,#N/A
,#N/A
,#N/A
,#N/A
,#N/A
,#N/A
,#N/A
,#N/A
,#N/A
,#N/A
,#N/A
,#N/A
,#N/A
,#N/A
,#N/A
,#N/A
,#N/A
,#N/A
,#N/A
,#N/A
,#N/A
,#N/A
,#N/A
,#N/A
,#N/A
,#N/A
,#N/A
,#N/A
,#N/A
,#N/A
,#N/A
,#N/A
,#N/A
,#N/A
,#N/A
,#N/A
,#N/A
,#N/A
,#N/A
,#N/A
,#N/A
,#N/A
,#N/A
,#N/A
,#N/A
,#N/A
,#N/A
,#N/A
,#N/A
,#N/A
,#N/A
,#N/A
,#N/A
,#N/A
,#N/A
,#N/A
,#N/A
,#N/A
,#N/A
,#N/A
,#N/A
,#N/A
,#N/A
,#N/A
,#N/A
,#N/A
,#N/A
,#N/A
,#N/A
,#N/A
,#N/A
,#N/A
,#N/A
,#N/A
,#N/A
,#N/A
,#N/A
,#N/A
,#N/A
,#N/A
,#N/A
,#N/A
,#N/A
,#N/A
,#N/A
,#N/A
,#N/A
,#N/A
,#N/A
,#N/A
,#N/A
,#N/A
,#N/A
,#N/A
,#N/A
,#N/A
,#N/A
,#N/A
,#N/A
,#N/A
,#N/A
,#N/A
,#N/A
,#N/A
,#N/A
,#N/A
,#N/A
,#N/A
,#N/A
,#N/A
,#N/A
,#N/A
,#N/A
,#N/A
,#N/A
,#N/A
,#N/A
,#N/A
,#N/A
,#N/A
,#N/A
,#N/A
,#N/A
,#N/A
,#N/A
,#N/A
,#N/A
,#N/A
,#N/A
,#N/A
,#N/A
,#N/A
,#N/A
,#N/A
,#N/A
,#N/A
,#N/A
,#N/A
,#N/A
,#N/A
,#N/A
,#N/A
,#N/A
,#N/A
,#N/A
,#N/A
,#N/A
,#N/A
,#N/A
,#N/A
,#N/A
,#N/A
,#N/A
,#N/A
,#N/A
,#N/A
,#N/A
,#N/A
,#N/A
,#N/A
,#N/A
,#N/A
,#N/A
,#N/A
,#N/A
