SKUID,Description,QTY Sold,Total,Vat,Discount,
5.06011E+12,3 IN 1 MAKE UP REMOVAL WIPES,1,1,0.17,0,02/05/2025
5.00028E+12,Allevia Fexofenadine,2,20.98,3.5,0,02/05/2025
5.39151E+12,DIORALYTE oral powder sachets citrus 0.53g/3.56g/0.30g/0.47g  6,1,4.99,0.83,0,02/05/2025
5.00035E+12,EUMOVATE ECZ&DER CRM 15g,1,9.98,1.66,0,02/05/2025
5.01225E+12,FACIAL WIPES SOFT APRICOT,1,1,0.17,0,02/05/2025
5.01131E+12,Vira Soothe 75g,1,9.99,1.67,0,02/05/2025
5.06006E+12,ALMUS CALAMINE LOTION ,1,3.29,0.55,0,02/05/2025
5.05538E+12,ALVITA incontinence range pads waterproof bed 60cm x 90cm 30,1,16.99,0,0,02/05/2025
5.05538E+12,ALVITA PREGNANCY TEST SINGLE,1,2.99,0.5,0,02/05/2025
5.03556E+12,AVOMINE 25MG TAB,1,7.58,1.26,0,02/05/2025
7.35009E+12,E45 ITCH RELIEF CREAM,1,6.99,1.17,0,02/05/2025
5.01701E+12,Fluconazole 150mg Capsule,2,7.98,1.34,0,02/05/2025
5.01012E+12,Sinutab Tablets 15s,1,6.49,1.08,0,02/05/2025
5.06011E+12,TEA TREE CLENSING WIPES 25,3,3,0.51,0,02/05/2025
27122301,DISPENSARY SALE,1,1.78,0.3,0,02/05/2025
5.01131E+12,FLEXITOL for heels 25% urea balm 40g,1,3.99,0.67,0,02/05/2025
4.7171E+12,Glucorx Nexus Test Strips 50,1,17.95,2.99,0,02/05/2025
96043509,Halls Citrus sf,1,0.85,0.14,0,02/05/2025
5.05456E+12,Night Nurse Capsules 10,1,7.16,1.19,0,02/05/2025
5.00016E+12,OPTREX MULTI EYE WASH SOL 300ml,1,7.49,1.25,0,02/05/2025
4.0568E+12,Silvikrin H/spray Max Firm Hold 250ml,1,2.69,0.45,0,02/05/2025
5.00017E+12,Strefen Honey & Lemon 16 Loz,1,5.29,0.88,0,02/05/2025
5.02487E+12,VALUPAK FOLIC ACID 90S,1,1.14,0.19,0,02/05/2025
3.05764E+12,VOLVIC,1,1,0.17,0,02/05/2025
42211471,WRIGLEYS EXTRA WHITE CHEWING GUM,1,0.79,0.13,0,02/05/2025
6.92176E+12,1LFT,1,2.49,0.42,0,02/05/2025
5.01729E+12,4 IN 1 FACIAL CLEANSING WIPES,2,2,0.34,0,02/05/2025
5.01225E+12,BEAUTY FORMULAS intensive foot cream  100ml,1,1.39,0.23,0,02/05/2025
5.01262E+12,Beconase H/fever Ad100 Spray,1,7.99,1.33,0,02/05/2025
5.0301E+12,JAKEMANS menthol lozenges peppermint 73g,2,3.98,0.66,0,02/05/2025
5.01687E+12,KINETIK BLOOD PRESSURE MONITOR,1,24.99,4.17,0,02/05/2025
4.98707E+12,Kool N Sooth Migraine Pads,1,3.12,0.52,0,02/05/2025
5.03607E+12,MIGRAKIND tablets f/c 50mg  2,1,8.95,1.49,0,02/05/2025
991,MISC,4,23.1,3.86,0,02/05/2025
5.00035E+12,Night Nurse 160ml,1,8.99,1.5,0,02/05/2025
999,Prescriptions Nhs,39,386.1,0,0,02/05/2025
1.05036E+18,SURGICAL TAPE,1,1.49,0.25,0,02/05/2025
7.32254E+12,TENA lady extra plus instadry absorbent pads duo  16,1,4.75,0,0,02/05/2025
5.01225E+12,ACTIVE 3.6 YEARS TOOTHBRUSH,1,1,0.17,0,02/05/2025
5.05538E+12,ALMUS hayfever eye drops 2% 10ml,2,8.98,1.5,0,02/05/2025
4.0845E+12,Clearblue Digital Preg Test Sngle,1,12.29,2.05,0,02/05/2025
8.11068E+11,DR TEALS PURE EPSOM SALT,1,7.99,1.33,0,02/05/2025
5.03466E+12,Halls Soothers Peach,1,0.85,0.14,0,02/05/2025
75739002,JOHNSONS BABY OIL 500ML,1,3.99,0.67,0,02/05/2025
3.09975E+11,MITCHUM TRIPLE ODOR POWDER FRESH,2,7.34,1.22,0,02/05/2025
5.06006E+12,PARACETAMOL 250MG/5ML ORAL S 200ML,1,6,1,0,02/05/2025
5.00017E+12,Femfresh Powder 200g,1,4.09,0.68,0,02/05/2025
7.32319E+12,MEPORE DRESSING 9X20CM/3.6X8IN,2,2,0.34,0,02/05/2025
5.01131E+12,OPTICROM ALLERGY 2%,1,5.99,1,0,02/05/2025
5.01262E+12,SOLPADINE PLUS 24,2,14.54,2.42,0,02/05/2025
5.39151E+12,SYNDOL tablets 30mg/10mg/5mg/450mg  10,1,4.59,0.77,0,02/05/2025
96183458,Anbesol Liquid 15ml,1,5.65,0.94,0,02/05/2025
5.01863E+12,Assorted Knuckle Plasters,1,2.09,0.35,0,02/05/2025
5.06018E+12,BLISTEX lip infusions balm soothing 3.7g,1,3.69,0.62,0,02/05/2025
5.06001E+12,COMPRESSOR NEBULIZER,1,39.95,6.66,0,02/05/2025
5.03141E+12,COTTON WOOL BALLS,1,1,0.17,0,02/05/2025
5.0271E+12,Daktacort Hc Cream 15g,1,7.69,1.28,0,02/05/2025
50158225,Dettol Antiseptic Lqd 750ml,1,5.76,0.96,0,02/05/2025
5.0301E+12,JAKEMANS menthol lozenges honey & lemon 73g,1,0.99,0.17,0,02/05/2025
4.00581E+12,NIVEA MEN shower gel sensitive 250ml,1,2.29,0.38,0,02/05/2025
5.0235E+12,Peptac Liquid,1,5.92,0.99,0,02/05/2025
5.06002E+12,Ultra Chlora Blkcrt Spry 15ml,1,6.15,1.03,0,02/05/2025
7.35009E+12,E45 lotion spray daily 200ml,1,6.49,1.08,0,02/05/2025
7.35009E+12,E45 SHAMPOO,2,11.98,2,0,02/05/2025
5.40095E+12,JUNIOR BRONCHO 3 YEARS OLD,1,6.99,1.17,0,02/05/2025
5.0163E+12,Laxido 30,1,8,1.33,0,02/05/2025
4.00581E+12,NIVEA bath & shower shower cream cream soft 250ml,1,2.39,0.4,0,02/05/2025
5.01142E+12,NUROMOL dual action pain relief tablets 200mg/500mg  16,1,4.99,0.83,0,02/05/2025
8.00184E+12,PAMPERS baby wipes fresh clean  52,1,1.2,0.2,0,02/05/2025
5.01262E+12,Bronchostop Pastilles,1,5.99,1,0,02/05/2025
5.05538E+12,CO CODAMOL,4,23.96,4,0,02/05/2025
5.01262E+12,Jungle Formula Dry Protect Spray 125ml,1,9.99,1.67,0,02/05/2025
5.01735E+12,PERRIGO heartburn & acid reflux control capsules 20mg  14,1,6.99,1.17,0,02/05/2025
5.0002E+12,Piriton Syrup 2mg/5ml 150ml,2,11.98,2,0,02/05/2025
7.6107E+12,RICOLA lozenges sugar free raspberry mint 45g,1,1.45,0.24,0,02/05/2025
5.06012E+12,TEATREE & PEPPERMINT FOOT PACK,1,2.5,0.42,0,02/05/2025
5.06006E+12,ALMUS erectile dysfunction relief tablets f/c 50mg  8,1,26.99,4.5,0,02/05/2025
5.06006E+12,ALMUS sleep aid tablets 50mg  20,1,5.49,0.92,0,02/05/2025
5.06012E+12,CHLORAMPHENICOL EYE OINTMENT,1,5.58,0.93,0,02/05/2025
5.02407E+12,CO-Codamol 32s,3,11.97,2.01,0,02/05/2025
5.00016E+12,Gaviscon Peppermint Tabs 48,1,8,1.33,0,02/05/2025
5.01131E+12,Ibuprofen 400mg 48s,1,4.99,0.83,0,02/05/2025
6.00955E+12,KEDLEY PLANTAR FASCIA SLEEVES MEDIUM,1,14.99,2.5,0,02/05/2025
5.01267E+12,Ovex Family Pack 4 Tabs,1,13.29,2.22,0,02/05/2025
8.00184E+12,Pampers Sensitive Baby Wipes 52s,2,2.4,0.4,0,02/05/2025
5.01712E+12,Paracetamol Caplets 32,3,4.5,0.75,0,02/05/2025
7.6107E+12,Ricola Drops 45g S/f Elderflower Box,1,1.45,0.24,0,02/05/2025
5.01262E+12,SOLPADEINE MAX 24,2,18.14,3.02,0,02/05/2025
5.02487E+12,Valupak Vit D3 1000iu 60s,1,1.14,0.19,0,02/05/2025
5.01737E+12,CALYPSO sun protection continuous spray spf30 175ml,2,14.98,2.5,0,02/05/2025
5.01267E+12,Daktarin Cream,1,4.99,0.83,0,02/05/2025
5.01735E+12,Galpharm Cold Sore Crm 2g Cold Sore Cream  5% W/w,2,5.98,1,0,02/05/2025
5.01638E+12,IBUGEL gel 5.0%w/w 100g,1,7.79,1.3,0,02/05/2025
5.01737E+12,MINERAL SUN STICK,2,6.98,1.16,0,02/05/2025
5.06008E+12,OLIVE OIL,1,2.69,0.45,0,02/05/2025
5.0235E+12,PEPTAC LIQUID antacid liquid peppermint 80mg/5ml/250mg/5ml/133.5mg/5ml 500ml,1,5.92,0.99,0,02/05/2025
5.01262E+12,SOLPADEINE MAX SOL 24,6,51,8.52,0,02/05/2025
5.06002E+12,Ultra Chlora Cherry Spy 15ml,1,6.15,1.03,0,02/05/2025
5.06006E+12,ALMUS hayfever & allergy relief tablets 10mg  30,1,2.49,0.42,0,02/05/2025
5.01262E+12,Beconase Hayfever Nasal Spray 0.05% 180 Doses,1,10.99,1.83,0,02/05/2025
6.00116E+12,Bio Oil 60ml,1,12.9,2.15,0,02/05/2025
5.01737E+12,CALYPSO sun protection scalp protector SPF30 50ml,1,3.99,0.67,0,02/05/2025
50357475,Fishermens Friend Cherry Loz 25g,1,0.79,0.13,0,02/05/2025
8.09958E+11,MEDIHONEY,1,8.85,1.48,0,02/05/2025
5.01863E+12,SAFE & SOUND medicine organisers 4 times daily coloured pill box,1,6.85,1.14,0,02/05/2025
5.03914E+12,SKIN CLOSURE STRIPS,2,5.98,1,0,02/05/2025
5.01267E+12,STUGERON 15 TABS,1,5.29,0.88,0,02/05/2025
5.01701E+12,SUDOCREM ANTISEPT CRM 125G antiseptic cream,1,4.35,0.73,0,02/05/2025
42182627,VASELINE PETRO JELLY 50ML,2,2.78,0.46,0,02/05/2025
